type,answer,passage,question,tf
word,形がない、消えない、簡単に複製できる、容易に伝播する,情報の代表的な特性として，以下の4つがあげられる。1形がない 2消えない 3簡単に複製できる 4容易に伝播する。これらの特性は「もの」と比較して考えると分かりやすい。,情報の代表的な特性は何か,1
word,形がない、消えない、簡単に複製できる、容易に伝播する,情報の代表的な特性として，以下の4つがあげられる。1形がない 2消えない 3簡単に複製できる 4容易に伝播する。これらの特性は「もの」と比較して考えると分かりやすい。,情報の代表的な特徴は何か,1
word,形がない、消えない、簡単に複製できる、容易に伝播する,情報の代表的な特性として，以下の4つがあげられる。1形がない 2消えない 3簡単に複製できる 4容易に伝播する。これらの特性は「もの」と比較して考えると分かりやすい。,情報の代表的な特性は何か?,1
word,形がない、消えない、簡単に複製できる、容易に伝播する,情報の代表的な特性として，以下の4つがあげられる。1形がない 2消えない 3簡単に複製できる 4容易に伝播する。これらの特性は「もの」と比較して考えると分かりやすい。,情報の代表的な特性は3つありますか?,1
word,形がない、消えない、簡単に複製できる、容易に伝播する,情報の代表的な特性として，以下の4つがあげられる。1形がない 2消えない 3簡単に複製できる 4容易に伝播する。これらの特性は「もの」と比較して考えると分かりやすい。,情報の代表的な特性は何ですか?,1
word,形がない、消えない、簡単に複製できる、容易に伝播する,情報の代表的な特性として，以下の4つがあげられる。1形がない 2消えない 3簡単に複製できる 4容易に伝播する。これらの特性は「もの」と比較して考えると分かりやすい。,"情報の代表的な特性として,以下の4つが挙げられる。",0
word,形がない、消えない、簡単に複製できる、容易に伝播する,情報の代表的な特性として，以下の4つがあげられる。1形がない 2消えない 3簡単に複製できる 4容易に伝播する。これらの特性は「もの」と比較して考えると分かりやすい。,情報の代表的な特性とは何か,1
word,形がない、消えない、簡単に複製できる、容易に伝播する,情報の代表的な特性として，以下の4つがあげられる。1形がない 2消えない 3簡単に複製できる 4容易に伝播する。これらの特性は「もの」と比較して考えると分かりやすい。,情報の代表的な特徴は何か?,1
word,形がない、消えない、簡単に複製できる、容易に伝播する,情報の代表的な特性として，以下の4つがあげられる。1形がない 2消えない 3簡単に複製できる 4容易に伝播する。これらの特性は「もの」と比較して考えると分かりやすい。,情報の代表的な特性にはどのようなものがありますか?,1
word,形がない、消えない、簡単に複製できる、容易に伝播する,情報の代表的な特性として，以下の4つがあげられる。1形がない 2消えない 3簡単に複製できる 4容易に伝播する。これらの特性は「もの」と比較して考えると分かりやすい。,"情報の代表的な特性として,以下の4つがあげられる。",0
description,データは事象や現象を数字や文字で記号化したもので、情報は意味や価値が付加されたデータのことである,事象や現象を数字や文字などで記号化したものがデータであり，意味や価値が付加されたデータやメッセージを情報という．,データは事象や現象を数字や文字などで記号化したものである.,0
description,データは事象や現象を数字や文字で記号化したもので、情報は意味や価値が付加されたデータのことである,事象や現象を数字や文字などで記号化したものがデータであり，意味や価値が付加されたデータやメッセージを情報という．,"データは事象や現象を数字や文字などで記号化したものであり,意味や価値が付加されたデータやメッセージを情報という.",0
description,データは事象や現象を数字や文字で記号化したもので、情報は意味や価値が付加されたデータのことである,事象や現象を数字や文字などで記号化したものがデータであり，意味や価値が付加されたデータやメッセージを情報という．,"データは事象や現象を数字や文字などで記号化したもので,意味や価値が付加されたデータやメッセージを情報という.",0
description,データは事象や現象を数字や文字で記号化したもので、情報は意味や価値が付加されたデータのことである,事象や現象を数字や文字などで記号化したものがデータであり，意味や価値が付加されたデータやメッセージを情報という．,データは事象や現象を数字や文字などで記号化したものがデータである.,0
description,データは事象や現象を数字や文字で記号化したもので、情報は意味や価値が付加されたデータのことである,事象や現象を数字や文字などで記号化したものがデータであり，意味や価値が付加されたデータやメッセージを情報という．,事象や現象を数字や文字などで記号化したものがデータである.,0
description,データは事象や現象を数字や文字で記号化したもので、情報は意味や価値が付加されたデータのことである,事象や現象を数字や文字などで記号化したものがデータであり，意味や価値が付加されたデータやメッセージを情報という．,"データは事象や現象を数字や文字などで記号化したものがデータであり,意味や価値が付加されたデータやメッセージを情報という.",0
description,データは事象や現象を数字や文字で記号化したもので、情報は意味や価値が付加されたデータのことである,事象や現象を数字や文字などで記号化したものがデータであり，意味や価値が付加されたデータやメッセージを情報という．,データは事象や現象を数字や文字などで記号化したものである,0
description,データは事象や現象を数字や文字で記号化したもので、情報は意味や価値が付加されたデータのことである,事象や現象を数字や文字などで記号化したものがデータであり，意味や価値が付加されたデータやメッセージを情報という．,"データは事象や現象を数字や文字などで記号化したもので,意味や価値が付加されたデータやメッセージのことを情報という.",0
description,データは事象や現象を数字や文字で記号化したもので、情報は意味や価値が付加されたデータのことである,事象や現象を数字や文字などで記号化したものがデータであり，意味や価値が付加されたデータやメッセージを情報という．,"データは事象や現象を数字や文字などで記号化したもので,意味や価値付加されたデータやメッセージを情報という.",0
description,データは事象や現象を数字や文字で記号化したもので、情報は意味や価値が付加されたデータのことである,事象や現象を数字や文字などで記号化したものがデータであり，意味や価値が付加されたデータやメッセージを情報という．,"データは事象や現象を数字や文字などで記号化したものであり,意味や価値付加されたデータやメッセージを情報という.",0
description,問題とはあるべき理想の姿と現実とのギャップのことである。また、解決や解消を必要とする状況そのものを指すこともある。,問題という用語は「あるべき理想の姿と現実とのギャップ」や「解決や解消を必要とする状況」などという意味で良く用いられる．,解決や解消を必要とする状況とはどういう意味ですか?,0
description,問題とはあるべき理想の姿と現実とのギャップのことである。また、解決や解消を必要とする状況そのものを指すこともある。,問題という用語は「あるべき理想の姿と現実とのギャップ」や「解決や解消を必要とする状況」などという意味で良く用いられる．,解決や解消を必要とする状況という場合、問題という用語はよく使われますか?,0
description,問題とはあるべき理想の姿と現実とのギャップのことである。また、解決や解消を必要とする状況そのものを指すこともある。,問題という用語は「あるべき理想の姿と現実とのギャップ」や「解決や解消を必要とする状況」などという意味で良く用いられる．,問題はあるべき理想の姿と現実とのギャップのことであり、解決や解消を必要とする状況を指すこともある,0
description,問題とはあるべき理想の姿と現実とのギャップのことである。また、解決や解消を必要とする状況そのものを指すこともある。,問題という用語は「あるべき理想の姿と現実とのギャップ」や「解決や解消を必要とする状況」などという意味で良く用いられる．,問題はあるべき理想の姿と現実とのギャップを指すのですか?,0
description,問題とはあるべき理想の姿と現実とのギャップのことである。また、解決や解消を必要とする状況そのものを指すこともある。,問題という用語は「あるべき理想の姿と現実とのギャップ」や「解決や解消を必要とする状況」などという意味で良く用いられる．,問題はあるべき理想の姿と現実とのギャップのことを指す.,0
description,問題とはあるべき理想の姿と現実とのギャップのことである。また、解決や解消を必要とする状況そのものを指すこともある。,問題という用語は「あるべき理想の姿と現実とのギャップ」や「解決や解消を必要とする状況」などという意味で良く用いられる．,問題という言葉はよく使われますか?,0
description,問題とはあるべき理想の姿と現実とのギャップのことである。また、解決や解消を必要とする状況そのものを指すこともある。,問題という用語は「あるべき理想の姿と現実とのギャップ」や「解決や解消を必要とする状況」などという意味で良く用いられる．,問題はあるべき理想の姿と現実とのギャップを指すことが多い.,0
description,問題とはあるべき理想の姿と現実とのギャップのことである。また、解決や解消を必要とする状況そのものを指すこともある。,問題という用語は「あるべき理想の姿と現実とのギャップ」や「解決や解消を必要とする状況」などという意味で良く用いられる．,解決や解消を必要とする状況という場合、問題という言葉はよく使われますか?,0
description,問題とはあるべき理想の姿と現実とのギャップのことである。また、解決や解消を必要とする状況そのものを指すこともある。,問題という用語は「あるべき理想の姿と現実とのギャップ」や「解決や解消を必要とする状況」などという意味で良く用いられる．,問題はあるべき理想の姿と現実とのギャップのことを指すのですか?,0
description,問題とはあるべき理想の姿と現実とのギャップのことである。また、解決や解消を必要とする状況そのものを指すこともある。,問題という用語は「あるべき理想の姿と現実とのギャップ」や「解決や解消を必要とする状況」などという意味で良く用いられる．,問題はあるべき理想の姿と現実とのギャップを指す.,0
description,ブレーンストーミングのルールは質より量、制約を設けない、便乗の推奨、批判の禁止である,ブレーンストーミングには質より量，制約を設けない，便乗の奨励，批判の禁止の4つのルールがある．,ブレーンストーミングには4つのルールがありますか?,0
description,ブレーンストーミングのルールは質より量、制約を設けない、便乗の推奨、批判の禁止である,ブレーンストーミングには質より量，制約を設けない，便乗の奨励，批判の禁止の4つのルールがある．,ブレーンストーミングにはどのようなルールがありますか?,1
description,ブレーンストーミングのルールは質より量、制約を設けない、便乗の推奨、批判の禁止である,ブレーンストーミングには質より量，制約を設けない，便乗の奨励，批判の禁止の4つのルールがある．,"ブレーンストーミングのルールは質より量,制約を設けない,便乗の奨励,批判の禁止の4つのルールがある.",0
description,ブレーンストーミングのルールは質より量、制約を設けない、便乗の推奨、批判の禁止である,ブレーンストーミングには質より量，制約を設けない，便乗の奨励，批判の禁止の4つのルールがある．,"ブレーンストーミングのルールは質より量、制約を設けない,便乗の奨励,批判の禁止の4つのルールがある.",0
description,ブレーンストーミングのルールは質より量、制約を設けない、便乗の推奨、批判の禁止である,ブレーンストーミングには質より量，制約を設けない，便乗の奨励，批判の禁止の4つのルールがある．,"ブレーンストーミングのルールは質より量,制約を設けない,便乗の推奨,批判の禁止の4つのルールがある.",0
description,ブレーンストーミングのルールは質より量、制約を設けない、便乗の推奨、批判の禁止である,ブレーンストーミングには質より量，制約を設けない，便乗の奨励，批判の禁止の4つのルールがある．,"ブレーンストーミングのルールは質より量,制約を設けない,便乗の推奨、批判の禁止の4つのルールがある.",0
description,ブレーンストーミングのルールは質より量、制約を設けない、便乗の推奨、批判の禁止である,ブレーンストーミングには質より量，制約を設けない，便乗の奨励，批判の禁止の4つのルールがある．,"ブレーンストーミングのルールは質より量、制約を設けない,便乗の推奨,批判の禁止の4つのルールがある.",0
description,ブレーンストーミングのルールは質より量、制約を設けない、便乗の推奨、批判の禁止である,ブレーンストーミングには質より量，制約を設けない，便乗の奨励，批判の禁止の4つのルールがある．,"ブレーンストーミングには4つのルールがありますが、質より量,制約を設けない,便乗の推奨,批判の禁止の4つのルールがある.",0
description,ブレーンストーミングのルールは質より量、制約を設けない、便乗の推奨、批判の禁止である,ブレーンストーミングには質より量，制約を設けない，便乗の奨励，批判の禁止の4つのルールがある．,ブレーンストーミングには4つのルールがあります。,0
description,ブレーンストーミングのルールは質より量、制約を設けない、便乗の推奨、批判の禁止である,ブレーンストーミングには質より量，制約を設けない，便乗の奨励，批判の禁止の4つのルールがある．,"ブレーンストーミングのルールは質より量,制約を設けない,便乗の奨励,批判の禁止の4つのルールがある",0
description,"アイデアの近さやまとまりを可視化するKJ法や、一定のルールに基づいて構造的にアイデアを表すものがロジックツリーやコンセ プトマップがある ",アイデアを整理し，可視化する有効な手法として，アイデアをそれぞれのカードに記し，二次元に配置しながらグループ化したり表題をつけたり関連づけたりするなどして有意な解釈や新たなアイデアなどを生み出す方法や，アイデアや項目などを一定のルールのもとに線でつなぎながら関連を分かりやすく示す方法などがある．前者の代表的な例として「KJ法」が，後者の代表的な例として「ロジックツリー」「コンセプトマップ」などが挙げられる．,"アイデアを整理し,可視化する有効な方法にはどのようなものがありますか?",1
description,"アイデアの近さやまとまりを可視化するKJ法や、一定のルールに基づいて構造的にアイデアを表すものがロジックツリーやコンセ プトマップがある ",アイデアを整理し，可視化する有効な手法として，アイデアをそれぞれのカードに記し，二次元に配置しながらグループ化したり表題をつけたり関連づけたりするなどして有意な解釈や新たなアイデアなどを生み出す方法や，アイデアや項目などを一定のルールのもとに線でつなぎながら関連を分かりやすく示す方法などがある．前者の代表的な例として「KJ法」が，後者の代表的な例として「ロジックツリー」「コンセプトマップ」などが挙げられる．,"アイデアを整理し,可視化する有効な手法にはどのようなものがありますか?",1
description,"アイデアの近さやまとまりを可視化するKJ法や、一定のルールに基づいて構造的にアイデアを表すものがロジックツリーやコンセ プトマップがある ",アイデアを整理し，可視化する有効な手法として，アイデアをそれぞれのカードに記し，二次元に配置しながらグループ化したり表題をつけたり関連づけたりするなどして有意な解釈や新たなアイデアなどを生み出す方法や，アイデアや項目などを一定のルールのもとに線でつなぎながら関連を分かりやすく示す方法などがある．前者の代表的な例として「KJ法」が，後者の代表的な例として「ロジックツリー」「コンセプトマップ」などが挙げられる．,"アイデアを整理し,可視化する有効な方法にはどのようなものがありますか",1
description,"アイデアの近さやまとまりを可視化するKJ法や、一定のルールに基づいて構造的にアイデアを表すものがロジックツリーやコンセ プトマップがある ",アイデアを整理し，可視化する有効な手法として，アイデアをそれぞれのカードに記し，二次元に配置しながらグループ化したり表題をつけたり関連づけたりするなどして有意な解釈や新たなアイデアなどを生み出す方法や，アイデアや項目などを一定のルールのもとに線でつなぎながら関連を分かりやすく示す方法などがある．前者の代表的な例として「KJ法」が，後者の代表的な例として「ロジックツリー」「コンセプトマップ」などが挙げられる．,"アイデアを整理し,可視化する有効な手法として代表的なものは何か",1
description,"アイデアの近さやまとまりを可視化するKJ法や、一定のルールに基づいて構造的にアイデアを表すものがロジックツリーやコンセ プトマップがある ",アイデアを整理し，可視化する有効な手法として，アイデアをそれぞれのカードに記し，二次元に配置しながらグループ化したり表題をつけたり関連づけたりするなどして有意な解釈や新たなアイデアなどを生み出す方法や，アイデアや項目などを一定のルールのもとに線でつなぎながら関連を分かりやすく示す方法などがある．前者の代表的な例として「KJ法」が，後者の代表的な例として「ロジックツリー」「コンセプトマップ」などが挙げられる．,"アイデアを整理し,可視化する有効な手法にはどのようなものがありますか",1
description,"アイデアの近さやまとまりを可視化するKJ法や、一定のルールに基づいて構造的にアイデアを表すものがロジックツリーやコンセ プトマップがある ",アイデアを整理し，可視化する有効な手法として，アイデアをそれぞれのカードに記し，二次元に配置しながらグループ化したり表題をつけたり関連づけたりするなどして有意な解釈や新たなアイデアなどを生み出す方法や，アイデアや項目などを一定のルールのもとに線でつなぎながら関連を分かりやすく示す方法などがある．前者の代表的な例として「KJ法」が，後者の代表的な例として「ロジックツリー」「コンセプトマップ」などが挙げられる．,"アイデアを整理し,可視化する有効な方法は何か",1
description,"アイデアの近さやまとまりを可視化するKJ法や、一定のルールに基づいて構造的にアイデアを表すものがロジックツリーやコンセ プトマップがある ",アイデアを整理し，可視化する有効な手法として，アイデアをそれぞれのカードに記し，二次元に配置しながらグループ化したり表題をつけたり関連づけたりするなどして有意な解釈や新たなアイデアなどを生み出す方法や，アイデアや項目などを一定のルールのもとに線でつなぎながら関連を分かりやすく示す方法などがある．前者の代表的な例として「KJ法」が，後者の代表的な例として「ロジックツリー」「コンセプトマップ」などが挙げられる．,"アイデアを整理し,可視化するための有効な手法にはどのようなものがありますか?",1
description,"アイデアの近さやまとまりを可視化するKJ法や、一定のルールに基づいて構造的にアイデアを表すものがロジックツリーやコンセ プトマップがある ",アイデアを整理し，可視化する有効な手法として，アイデアをそれぞれのカードに記し，二次元に配置しながらグループ化したり表題をつけたり関連づけたりするなどして有意な解釈や新たなアイデアなどを生み出す方法や，アイデアや項目などを一定のルールのもとに線でつなぎながら関連を分かりやすく示す方法などがある．前者の代表的な例として「KJ法」が，後者の代表的な例として「ロジックツリー」「コンセプトマップ」などが挙げられる．,"アイデアを整理し,可視化する有効な手法としてはどのようなものがありますか?",1
description,"アイデアの近さやまとまりを可視化するKJ法や、一定のルールに基づいて構造的にアイデアを表すものがロジックツリーやコンセ プトマップがある ",アイデアを整理し，可視化する有効な手法として，アイデアをそれぞれのカードに記し，二次元に配置しながらグループ化したり表題をつけたり関連づけたりするなどして有意な解釈や新たなアイデアなどを生み出す方法や，アイデアや項目などを一定のルールのもとに線でつなぎながら関連を分かりやすく示す方法などがある．前者の代表的な例として「KJ法」が，後者の代表的な例として「ロジックツリー」「コンセプトマップ」などが挙げられる．,"アイデアを整理し,可視化するための有効な手法にはどのようなものがありますか",1
description,"アイデアの近さやまとまりを可視化するKJ法や、一定のルールに基づいて構造的にアイデアを表すものがロジックツリーやコンセ プトマップがある ",アイデアを整理し，可視化する有効な手法として，アイデアをそれぞれのカードに記し，二次元に配置しながらグループ化したり表題をつけたり関連づけたりするなどして有意な解釈や新たなアイデアなどを生み出す方法や，アイデアや項目などを一定のルールのもとに線でつなぎながら関連を分かりやすく示す方法などがある．前者の代表的な例として「KJ法」が，後者の代表的な例として「ロジックツリー」「コンセプトマップ」などが挙げられる．,"アイデアを整理し,可視化する有効な手法の代表的なものは何か",1
tf,正しくない,事象や現象を数字や文字などで記号化したものがデータであり，意味や価値が付加されたデータやメッセージを情報という．,次の文章は正しいか答えなさい.事象や現象を数字や文字などで記号化したものが情報である.,1
tf,正しくない,事象や現象を数字や文字などで記号化したものがデータであり，意味や価値が付加されたデータやメッセージを情報という．,"次の文章は正しいか答えなさい.事象や現象を数字や文字などで記号化したものが情報であり,意味や価値が付加されたデータやメッセージを情報という.",0
tf,正しくない,事象や現象を数字や文字などで記号化したものがデータであり，意味や価値が付加されたデータやメッセージを情報という．,次の文章は正しいか答えなさい。事象や現象を数字や文字などで記号化したものが情報である.,1
tf,正しくない,事象や現象を数字や文字などで記号化したものがデータであり，意味や価値が付加されたデータやメッセージを情報という．,次の文章は正しいか答えなさい.事象や現象を数字や文字などで記号化したものがデータである.,0
tf,正しくない,事象や現象を数字や文字などで記号化したものがデータであり，意味や価値が付加されたデータやメッセージを情報という．,"次の文章は正しいか答えなさい。事象や現象を数字や文字などで記号化したものが情報であり,意味や価値が付加されたデータやメッセージを情報という.",0
tf,正しくない,事象や現象を数字や文字などで記号化したものがデータであり，意味や価値が付加されたデータやメッセージを情報という．,"次の文章は正しいか答えなさい.事象や現象を数字や文字などで記号化したものがデータであり,意味や価値が付加されたデータやメッセージを情報という.",0
tf,正しくない,事象や現象を数字や文字などで記号化したものがデータであり，意味や価値が付加されたデータやメッセージを情報という．,次の文章は正しいか答えなさい.事象や現象を数字や文字などで記号化したものが情報を情報という.,0
tf,正しくない,事象や現象を数字や文字などで記号化したものがデータであり，意味や価値が付加されたデータやメッセージを情報という．,次の文章は正しいか答えなさい。事象や現象を数字や文字などで記号化したものがデータである.,0
tf,正しくない,事象や現象を数字や文字などで記号化したものがデータであり，意味や価値が付加されたデータやメッセージを情報という．,"次の文章は正しいか答えなさい.「事象や現象を数字や文字などで記号化したものが情報であり,意味や価値が付加されたデータやメッセージを情報という.",0
tf,正しくない,事象や現象を数字や文字などで記号化したものがデータであり，意味や価値が付加されたデータやメッセージを情報という．,"次の文章は正しいか答えなさい.「事象や現象を数字や文字などで記号化したものが情報であり,意味や価値が付加されたデータやメッセージを情報という.」",0
tf,正しくない,情報の代表的な特性として，以下の4つがあげられる。1形がない 2消えない 3簡単に複製できる 4容易に伝播する。これらの特性は「もの」と比較して考えると分かりやすい。,次の文章は正しいか答えなさい。情報の代表的な特性は「形がない」である。,0
tf,正しくない,情報の代表的な特性として，以下の4つがあげられる。1形がない 2消えない 3簡単に複製できる 4容易に伝播する。これらの特性は「もの」と比較して考えると分かりやすい。,次の文章は正しいか答えなさい。情報の代表的な特性は「形がない」と「簡単に複製できる」である。,0
tf,正しくない,情報の代表的な特性として，以下の4つがあげられる。1形がない 2消えない 3簡単に複製できる 4容易に伝播する。これらの特性は「もの」と比較して考えると分かりやすい。,次の文章は正しいか答えなさい。情報の代表的な特性は「形がない」と比較して考えるとわかりやすい。,0
tf,正しくない,情報の代表的な特性として，以下の4つがあげられる。1形がない 2消えない 3簡単に複製できる 4容易に伝播する。これらの特性は「もの」と比較して考えると分かりやすい。,次の文章は正しいか答えなさい。情報の代表的な特徴は「形がない」である。,0
tf,正しくない,情報の代表的な特性として，以下の4つがあげられる。1形がない 2消えない 3簡単に複製できる 4容易に伝播する。これらの特性は「もの」と比較して考えると分かりやすい。,次の文章は正しいか答えなさい。情報の代表的な特徴は「形がない」と「簡単に複製できる」である。,0
tf,正しくない,情報の代表的な特性として，以下の4つがあげられる。1形がない 2消えない 3簡単に複製できる 4容易に伝播する。これらの特性は「もの」と比較して考えると分かりやすい。,次の文章は正しいか答えなさい。情報の代表的な特性は「形がない」と「簡単に複製できる」の組み合わせである。,0
tf,正しくない,情報の代表的な特性として，以下の4つがあげられる。1形がない 2消えない 3簡単に複製できる 4容易に伝播する。これらの特性は「もの」と比較して考えると分かりやすい。,次の文章は正しいか答えなさい。情報の代表的な特性は「形がない」と「簡単にコピーできる」である。,0
tf,正しくない,情報の代表的な特性として，以下の4つがあげられる。1形がない 2消えない 3簡単に複製できる 4容易に伝播する。これらの特性は「もの」と比較して考えると分かりやすい。,次の文章は正しいか答えなさい。情報の代表的な特性は「形がない」、「消える」、「簡単に複製できる」、「容易に伝播する」である。,1
tf,正しくない,情報の代表的な特性として，以下の4つがあげられる。1形がない 2消えない 3簡単に複製できる 4容易に伝播する。これらの特性は「もの」と比較して考えると分かりやすい。,次の文章は正しいか答えなさい。情報の代表的な特性は「形がない」、「消える」、「簡単に複製できない」、「容易に伝播する」である。,1
tf,正しくない,情報の代表的な特性として，以下の4つがあげられる。1形がない 2消えない 3簡単に複製できる 4容易に伝播する。これらの特性は「もの」と比較して考えると分かりやすい。,次の文章は正しいか答えなさい。情報の代表的な特性は「形がない」「消える」「簡単に複製できる」である。,1
word,不正アクセス禁止法違反、コンピュータ・電磁的記録対象犯罪等、ネットワーク利用犯罪,平成30年の警察白書によれば，サイバー犯罪は次の3つの類型に区別されている。1.不正アクセス禁止法違反 2.コンピュータ・電磁的記録対象犯罪等 3.ネットワーク利用犯罪,サイバー犯罪にはどのような類型がありますか?,1
word,不正アクセス禁止法違反、コンピュータ・電磁的記録対象犯罪等、ネットワーク利用犯罪,平成30年の警察白書によれば，サイバー犯罪は次の3つの類型に区別されている。1.不正アクセス禁止法違反 2.コンピュータ・電磁的記録対象犯罪等 3.ネットワーク利用犯罪,サイバー犯罪の3つの類型にはどのようなものがありますか?,1
word,不正アクセス禁止法違反、コンピュータ・電磁的記録対象犯罪等、ネットワーク利用犯罪,平成30年の警察白書によれば，サイバー犯罪は次の3つの類型に区別されている。1.不正アクセス禁止法違反 2.コンピュータ・電磁的記録対象犯罪等 3.ネットワーク利用犯罪,サイバー犯罪の種類は3つありますか?,0
word,不正アクセス禁止法違反、コンピュータ・電磁的記録対象犯罪等、ネットワーク利用犯罪,平成30年の警察白書によれば，サイバー犯罪は次の3つの類型に区別されている。1.不正アクセス禁止法違反 2.コンピュータ・電磁的記録対象犯罪等 3.ネットワーク利用犯罪,サイバー犯罪は次の3つの類型に区別されているか?,0
word,不正アクセス禁止法違反、コンピュータ・電磁的記録対象犯罪等、ネットワーク利用犯罪,平成30年の警察白書によれば，サイバー犯罪は次の3つの類型に区別されている。1.不正アクセス禁止法違反 2.コンピュータ・電磁的記録対象犯罪等 3.ネットワーク利用犯罪,サイバー犯罪の3つの類型は何ですか?,1
word,不正アクセス禁止法違反、コンピュータ・電磁的記録対象犯罪等、ネットワーク利用犯罪,平成30年の警察白書によれば，サイバー犯罪は次の3つの類型に区別されている。1.不正アクセス禁止法違反 2.コンピュータ・電磁的記録対象犯罪等 3.ネットワーク利用犯罪,サイバー犯罪の3つの類型は何か?,1
word,不正アクセス禁止法違反、コンピュータ・電磁的記録対象犯罪等、ネットワーク利用犯罪,平成30年の警察白書によれば，サイバー犯罪は次の3つの類型に区別されている。1.不正アクセス禁止法違反 2.コンピュータ・電磁的記録対象犯罪等 3.ネットワーク利用犯罪,サイバー犯罪は3つの類型に分類できるか?,0
word,不正アクセス禁止法違反、コンピュータ・電磁的記録対象犯罪等、ネットワーク利用犯罪,平成30年の警察白書によれば，サイバー犯罪は次の3つの類型に区別されている。1.不正アクセス禁止法違反 2.コンピュータ・電磁的記録対象犯罪等 3.ネットワーク利用犯罪,サイバー犯罪は次の3つの類型に区別されているか,0
word,不正アクセス禁止法違反、コンピュータ・電磁的記録対象犯罪等、ネットワーク利用犯罪,平成30年の警察白書によれば，サイバー犯罪は次の3つの類型に区別されている。1.不正アクセス禁止法違反 2.コンピュータ・電磁的記録対象犯罪等 3.ネットワーク利用犯罪,サイバー犯罪にはどのような種類がありますか?,1
word,不正アクセス禁止法違反、コンピュータ・電磁的記録対象犯罪等、ネットワーク利用犯罪,平成30年の警察白書によれば，サイバー犯罪は次の3つの類型に区別されている。1.不正アクセス禁止法違反 2.コンピュータ・電磁的記録対象犯罪等 3.ネットワーク利用犯罪,サイバー犯罪の3つの類型は何か,1
word,情報の機密性・完全性・可用性,情報システムを安心して利用するには，情報セキュリティ対策が必要である。情報セキュリティとは，情報の機密性・完全性・可用性(情報セキュリティの3要素)を確保することである。,"情報セキュリティとは,情報セキュリティの3要素である。",0
word,情報の機密性・完全性・可用性,情報システムを安心して利用するには，情報セキュリティ対策が必要である。情報セキュリティとは，情報の機密性・完全性・可用性(情報セキュリティの3要素)を確保することである。,情報セキュリティとは何か?,0
word,情報の機密性・完全性・可用性,情報システムを安心して利用するには，情報セキュリティ対策が必要である。情報セキュリティとは，情報の機密性・完全性・可用性(情報セキュリティの3要素)を確保することである。,"情報セキュリティとは,情報セキュリティの3要素のことですか?",0
word,情報の機密性・完全性・可用性,情報システムを安心して利用するには，情報セキュリティ対策が必要である。情報セキュリティとは，情報の機密性・完全性・可用性(情報セキュリティの3要素)を確保することである。,"情報セキュリティとは,情報セキュリティの3要素を確保することである。",0
word,情報の機密性・完全性・可用性,情報システムを安心して利用するには，情報セキュリティ対策が必要である。情報セキュリティとは，情報の機密性・完全性・可用性(情報セキュリティの3要素)を確保することである。,情報セキュリティの3要素は何を確保することであるか?,0
word,情報の機密性・完全性・可用性,情報システムを安心して利用するには，情報セキュリティ対策が必要である。情報セキュリティとは，情報の機密性・完全性・可用性(情報セキュリティの3要素)を確保することである。,情報セキュリティとは何ですか?,0
word,情報の機密性・完全性・可用性,情報システムを安心して利用するには，情報セキュリティ対策が必要である。情報セキュリティとは，情報の機密性・完全性・可用性(情報セキュリティの3要素)を確保することである。,"情報セキュリティとは,情報セキュリティの3要素をいう。",0
word,情報の機密性・完全性・可用性,情報システムを安心して利用するには，情報セキュリティ対策が必要である。情報セキュリティとは，情報の機密性・完全性・可用性(情報セキュリティの3要素)を確保することである。,情報セキュリティとはどのような3要素を確保することであるか?,1
word,情報の機密性・完全性・可用性,情報システムを安心して利用するには，情報セキュリティ対策が必要である。情報セキュリティとは，情報の機密性・完全性・可用性(情報セキュリティの3要素)を確保することである。,情報セキュリティの3要素は何を確保することである。,0
word,情報の機密性・完全性・可用性,情報システムを安心して利用するには，情報セキュリティ対策が必要である。情報セキュリティとは，情報の機密性・完全性・可用性(情報セキュリティの3要素)を確保することである。,"情報セキュリティとは,情報セキュリティの3要素を確保ことである。",0
description,英数字・記号などを組み合わせ、他人に容易に推測されないようにする。,これらを実現するためには，認証技術は欠かすことができない。認証はユーザIDとパスワードを使って行うことが多い。一般の利用者が情報システムを利用するにあたり，設定するパスワードは通常，英数字，記号などを組み合わせ，他の人に容易に推測されない複雑なものにする必要がある。,"一般の利用者が情報システムを利用するにあたり,設定するパスワードはどのようなものですか?",0
description,英数字・記号などを組み合わせ、他人に容易に推測されないようにする。,これらを実現するためには，認証技術は欠かすことができない。認証はユーザIDとパスワードを使って行うことが多い。一般の利用者が情報システムを利用するにあたり，設定するパスワードは通常，英数字，記号などを組み合わせ，他の人に容易に推測されない複雑なものにする必要がある。,"一般の利用者が情報システムを利用するにあたり,設定するパスワードは複雑である。",0
description,英数字・記号などを組み合わせ、他人に容易に推測されないようにする。,これらを実現するためには，認証技術は欠かすことができない。認証はユーザIDとパスワードを使って行うことが多い。一般の利用者が情報システムを利用するにあたり，設定するパスワードは通常，英数字，記号などを組み合わせ，他の人に容易に推測されない複雑なものにする必要がある。,"一般の利用者が情報システムを利用するにあたり,設定するパスワードは通常,どのようなものですか?",0
description,英数字・記号などを組み合わせ、他人に容易に推測されないようにする。,これらを実現するためには，認証技術は欠かすことができない。認証はユーザIDとパスワードを使って行うことが多い。一般の利用者が情報システムを利用するにあたり，設定するパスワードは通常，英数字，記号などを組み合わせ，他の人に容易に推測されない複雑なものにする必要がある。,"一般の利用者が情報システムを利用するにあたり,設定するパスワードは通常どのようなものですか?",0
description,英数字・記号などを組み合わせ、他人に容易に推測されないようにする。,これらを実現するためには，認証技術は欠かすことができない。認証はユーザIDとパスワードを使って行うことが多い。一般の利用者が情報システムを利用するにあたり，設定するパスワードは通常，英数字，記号などを組み合わせ，他の人に容易に推測されない複雑なものにする必要がある。,"一般の利用者が情報システムを利用するにあたり,設定するパスワードは複雑なものにする必要がある。",0
description,英数字・記号などを組み合わせ、他人に容易に推測されないようにする。,これらを実現するためには，認証技術は欠かすことができない。認証はユーザIDとパスワードを使って行うことが多い。一般の利用者が情報システムを利用するにあたり，設定するパスワードは通常，英数字，記号などを組み合わせ，他の人に容易に推測されない複雑なものにする必要がある。,"一般の利用者が情報システムを利用するにあたり,設定するパスワードはどのようなものですか",0
description,英数字・記号などを組み合わせ、他人に容易に推測されないようにする。,これらを実現するためには，認証技術は欠かすことができない。認証はユーザIDとパスワードを使って行うことが多い。一般の利用者が情報システムを利用するにあたり，設定するパスワードは通常，英数字，記号などを組み合わせ，他の人に容易に推測されない複雑なものにする必要がある。,"一般の利用者が情報システムを利用するにあたり,設定するパスワードは通常,どのようなものですか",0
description,英数字・記号などを組み合わせ、他人に容易に推測されないようにする。,これらを実現するためには，認証技術は欠かすことができない。認証はユーザIDとパスワードを使って行うことが多い。一般の利用者が情報システムを利用するにあたり，設定するパスワードは通常，英数字，記号などを組み合わせ，他の人に容易に推測されない複雑なものにする必要がある。,"一般の利用者が情報システムを利用するにあたり,設定するパスワードは複雑である;",0
description,英数字・記号などを組み合わせ、他人に容易に推測されないようにする。,これらを実現するためには，認証技術は欠かすことができない。認証はユーザIDとパスワードを使って行うことが多い。一般の利用者が情報システムを利用するにあたり，設定するパスワードは通常，英数字，記号などを組み合わせ，他の人に容易に推測されない複雑なものにする必要がある。,"一般の利用者が情報システムを利用するにあたり,設定するパスワードは通常どのようなものですか",1
description,英数字・記号などを組み合わせ、他人に容易に推測されないようにする。,これらを実現するためには，認証技術は欠かすことができない。認証はユーザIDとパスワードを使って行うことが多い。一般の利用者が情報システムを利用するにあたり，設定するパスワードは通常，英数字，記号などを組み合わせ，他の人に容易に推測されない複雑なものにする必要がある。,"一般の利用者が情報システムを利用するにあたり,設定するパスワードはどのように複雑であるか",1
word,真正性、信頼性、責任追跡性、否認防止,情報セキュリティとは，情報の機密性・完全性・可用性を確保することである。2006年制定のJIS Q 13335-1ではさらに真正性(authenticity)，責任追跡性(accountability)，信頼性(reliability)，否認防止(non-repudiation)を加えて7要素と呼ぶ．,2006年制定のjis q 13335-1では、情報セキュリティにはどのような要素が追加されていますか?,1
word,真正性、信頼性、責任追跡性、否認防止,情報セキュリティとは，情報の機密性・完全性・可用性を確保することである。2006年制定のJIS Q 13335-1ではさらに真正性(authenticity)，責任追跡性(accountability)，信頼性(reliability)，否認防止(non-repudiation)を加えて7要素と呼ぶ．,2006年制定のjis q 13335-1では、情報セキュリティを構成する要素は何か,0
word,真正性、信頼性、責任追跡性、否認防止,情報セキュリティとは，情報の機密性・完全性・可用性を確保することである。2006年制定のJIS Q 13335-1ではさらに真正性(authenticity)，責任追跡性(accountability)，信頼性(reliability)，否認防止(non-repudiation)を加えて7要素と呼ぶ．,情報セキュリティを構成する3つの要素は何か?,0
word,真正性、信頼性、責任追跡性、否認防止,情報セキュリティとは，情報の機密性・完全性・可用性を確保することである。2006年制定のJIS Q 13335-1ではさらに真正性(authenticity)，責任追跡性(accountability)，信頼性(reliability)，否認防止(non-repudiation)を加えて7要素と呼ぶ．,2006年制定のjis q 13335-1ではどのような要素が追加されていますか?,0
word,真正性、信頼性、責任追跡性、否認防止,情報セキュリティとは，情報の機密性・完全性・可用性を確保することである。2006年制定のJIS Q 13335-1ではさらに真正性(authenticity)，責任追跡性(accountability)，信頼性(reliability)，否認防止(non-repudiation)を加えて7要素と呼ぶ．,2006年制定のjis q 13335-1では、情報セキュリティを構成する要素は何か?,0
word,真正性、信頼性、責任追跡性、否認防止,情報セキュリティとは，情報の機密性・完全性・可用性を確保することである。2006年制定のJIS Q 13335-1ではさらに真正性(authenticity)，責任追跡性(accountability)，信頼性(reliability)，否認防止(non-repudiation)を加えて7要素と呼ぶ．,2006年制定のjis q 13335-1では、情報セキュリティにはどのような要素が追加されていますか,1
word,真正性、信頼性、責任追跡性、否認防止,情報セキュリティとは，情報の機密性・完全性・可用性を確保することである。2006年制定のJIS Q 13335-1ではさらに真正性(authenticity)，責任追跡性(accountability)，信頼性(reliability)，否認防止(non-repudiation)を加えて7要素と呼ぶ．,2006年制定のjis q 13335-1では、情報セキュリティにはどのような要素を追加する.,0
word,真正性、信頼性、責任追跡性、否認防止,情報セキュリティとは，情報の機密性・完全性・可用性を確保することである。2006年制定のJIS Q 13335-1ではさらに真正性(authenticity)，責任追跡性(accountability)，信頼性(reliability)，否認防止(non-repudiation)を加えて7要素と呼ぶ．,2006年制定のjis q 13335-1では、7要素にはどのようなものが追加されていますか?,0
word,真正性、信頼性、責任追跡性、否認防止,情報セキュリティとは，情報の機密性・完全性・可用性を確保することである。2006年制定のJIS Q 13335-1ではさらに真正性(authenticity)，責任追跡性(accountability)，信頼性(reliability)，否認防止(non-repudiation)を加えて7要素と呼ぶ．,2006年制定のjis q 13335-1では、情報セキュリティにはどのような要素を追加しているか,1
word,真正性、信頼性、責任追跡性、否認防止,情報セキュリティとは，情報の機密性・完全性・可用性を確保することである。2006年制定のJIS Q 13335-1ではさらに真正性(authenticity)，責任追跡性(accountability)，信頼性(reliability)，否認防止(non-repudiation)を加えて7要素と呼ぶ．,2006年制定のjis q 13335-1では、情報セキュリティを構成する4要素は何か,0
description,コンピュータに入り込んで不正行為を行う悪意のあるプログラムのことである,コンピュータに入り込んで不正行為を行う悪意のあるプログラムのことをマルウェアと呼び，これは広義のコンピュータウイルスに当たる．,マルウェアとはどういう意味ですか?,0
description,コンピュータに入り込んで不正行為を行う悪意のあるプログラムのことである,コンピュータに入り込んで不正行為を行う悪意のあるプログラムのことをマルウェアと呼び，これは広義のコンピュータウイルスに当たる．,コンピュータウイルスとはどういう意味ですか?,0
description,コンピュータに入り込んで不正行為を行う悪意のあるプログラムのことである,コンピュータに入り込んで不正行為を行う悪意のあるプログラムのことをマルウェアと呼び，これは広義のコンピュータウイルスに当たる．,マルウェアとはどういう意味ですか,0
description,コンピュータに入り込んで不正行為を行う悪意のあるプログラムのことである,コンピュータに入り込んで不正行為を行う悪意のあるプログラムのことをマルウェアと呼び，これは広義のコンピュータウイルスに当たる．,マルウェアとは何ですか?,1
description,コンピュータに入り込んで不正行為を行う悪意のあるプログラムのことである,コンピュータに入り込んで不正行為を行う悪意のあるプログラムのことをマルウェアと呼び，これは広義のコンピュータウイルスに当たる．,コンピュータウイルスとは何か?,0
description,コンピュータに入り込んで不正行為を行う悪意のあるプログラムのことである,コンピュータに入り込んで不正行為を行う悪意のあるプログラムのことをマルウェアと呼び，これは広義のコンピュータウイルスに当たる．,広義のコンピュータウイルスとは何か?,0
description,コンピュータに入り込んで不正行為を行う悪意のあるプログラムのことである,コンピュータに入り込んで不正行為を行う悪意のあるプログラムのことをマルウェアと呼び，これは広義のコンピュータウイルスに当たる．,広義のコンピュータウイルスとはどういう意味ですか?,0
description,コンピュータに入り込んで不正行為を行う悪意のあるプログラムのことである,コンピュータに入り込んで不正行為を行う悪意のあるプログラムのことをマルウェアと呼び，これは広義のコンピュータウイルスに当たる．,広義のコンピュータウイルスとは何か,0
description,コンピュータに入り込んで不正行為を行う悪意のあるプログラムのことである,コンピュータに入り込んで不正行為を行う悪意のあるプログラムのことをマルウェアと呼び，これは広義のコンピュータウイルスに当たる．,マルウェアとは何のことですか?,1
description,コンピュータに入り込んで不正行為を行う悪意のあるプログラムのことである,コンピュータに入り込んで不正行為を行う悪意のあるプログラムのことをマルウェアと呼び，これは広義のコンピュータウイルスに当たる．,コンピュータウイルスとはどのようなものですか?,0
description,サイバー犯罪は匿名性が高い、痕跡が残りにくい、不特定多数が被害を受ける、時間と空間の制約がないという特徴がある,ネットワークを利用したサイバー犯罪には次のような特徴がある．1匿名性が高い2痕跡が残りにくい3不特定多数が被害を受ける4時間と空間の制約がない,サイバー犯罪の特徴は何ですか,1
description,サイバー犯罪は匿名性が高い、痕跡が残りにくい、不特定多数が被害を受ける、時間と空間の制約がないという特徴がある,ネットワークを利用したサイバー犯罪には次のような特徴がある．1匿名性が高い2痕跡が残りにくい3不特定多数が被害を受ける4時間と空間の制約がない,サイバー犯罪の特徴は何ですか?,1
description,サイバー犯罪は匿名性が高い、痕跡が残りにくい、不特定多数が被害を受ける、時間と空間の制約がないという特徴がある,ネットワークを利用したサイバー犯罪には次のような特徴がある．1匿名性が高い2痕跡が残りにくい3不特定多数が被害を受ける4時間と空間の制約がない,サイバー犯罪の特徴は何か,1
description,サイバー犯罪は匿名性が高い、痕跡が残りにくい、不特定多数が被害を受ける、時間と空間の制約がないという特徴がある,ネットワークを利用したサイバー犯罪には次のような特徴がある．1匿名性が高い2痕跡が残りにくい3不特定多数が被害を受ける4時間と空間の制約がない,サイバー犯罪の特徴は何ですか?ネットワークを利用したサイバー犯罪には次のような特徴がある,0
description,サイバー犯罪は匿名性が高い、痕跡が残りにくい、不特定多数が被害を受ける、時間と空間の制約がないという特徴がある,ネットワークを利用したサイバー犯罪には次のような特徴がある．1匿名性が高い2痕跡が残りにくい3不特定多数が被害を受ける4時間と空間の制約がない,サイバー犯罪の特徴は何ですか?ネットワークを利用したサイバー犯罪には次のような特徴があるか,0
description,サイバー犯罪は匿名性が高い、痕跡が残りにくい、不特定多数が被害を受ける、時間と空間の制約がないという特徴がある,ネットワークを利用したサイバー犯罪には次のような特徴がある．1匿名性が高い2痕跡が残りにくい3不特定多数が被害を受ける4時間と空間の制約がない,サイバー犯罪の特徴は何ですか?ネットワークを利用したサイバー犯罪には次のような特徴がある。,0
description,サイバー犯罪は匿名性が高い、痕跡が残りにくい、不特定多数が被害を受ける、時間と空間の制約がないという特徴がある,ネットワークを利用したサイバー犯罪には次のような特徴がある．1匿名性が高い2痕跡が残りにくい3不特定多数が被害を受ける4時間と空間の制約がない,サイバー犯罪の特徴は何ですか?ネットワークを利用したサイバー犯罪は次のような特徴があるか,0
description,サイバー犯罪は匿名性が高い、痕跡が残りにくい、不特定多数が被害を受ける、時間と空間の制約がないという特徴がある,ネットワークを利用したサイバー犯罪には次のような特徴がある．1匿名性が高い2痕跡が残りにくい3不特定多数が被害を受ける4時間と空間の制約がない,サイバー犯罪の特徴は何ですか?ネットワークを利用したサイバー犯罪は次のような特徴がある,0
description,サイバー犯罪は匿名性が高い、痕跡が残りにくい、不特定多数が被害を受ける、時間と空間の制約がないという特徴がある,ネットワークを利用したサイバー犯罪には次のような特徴がある．1匿名性が高い2痕跡が残りにくい3不特定多数が被害を受ける4時間と空間の制約がない,サイバー犯罪の特徴は何ですか?ネットワークを利用したサイバー犯罪には次のような特徴がある.,0
description,サイバー犯罪は匿名性が高い、痕跡が残りにくい、不特定多数が被害を受ける、時間と空間の制約がないという特徴がある,ネットワークを利用したサイバー犯罪には次のような特徴がある．1匿名性が高い2痕跡が残りにくい3不特定多数が被害を受ける4時間と空間の制約がない,サイバー犯罪の特徴は何だろうか,1
description,情報システムごとに導入コストや運用コストのトレードオフを考慮する必要がある,情報システムを運用する場合には導入コストや運用コストなどとのトレードオフも考慮しながら，情報システム毎に3要素の重要度を検討する必要がある。,情報システムを運用する場合には導入コストや運用コストとのトレードオフを考慮する必要があるか,0
description,情報システムごとに導入コストや運用コストのトレードオフを考慮する必要がある,情報システムを運用する場合には導入コストや運用コストなどとのトレードオフも考慮しながら，情報システム毎に3要素の重要度を検討する必要がある。,"情報システムを運用する場合には導入コストや運用コストとのトレードオフも考慮しながら,情報システム毎に3要素の重要度を検討する必要がある",0
description,情報システムごとに導入コストや運用コストのトレードオフを考慮する必要がある,情報システムを運用する場合には導入コストや運用コストなどとのトレードオフも考慮しながら，情報システム毎に3要素の重要度を検討する必要がある。,情報システムを運用する場合には導入コストや運用コストとのトレードオフを考慮する必要があるか?,0
description,情報システムごとに導入コストや運用コストのトレードオフを考慮する必要がある,情報システムを運用する場合には導入コストや運用コストなどとのトレードオフも考慮しながら，情報システム毎に3要素の重要度を検討する必要がある。,"情報システムを運用する場合には導入コストや運用コストとのトレードオフも考慮しながら,情報システムごとに3要素の重要度を検討する必要がある",0
description,情報システムごとに導入コストや運用コストのトレードオフを考慮する必要がある,情報システムを運用する場合には導入コストや運用コストなどとのトレードオフも考慮しながら，情報システム毎に3要素の重要度を検討する必要がある。,"情報システムを運用する場合には導入コストや運用コストとのトレードオフも考慮しながら,情報システム毎に3要素の重要度を検討する必要があるか",0
description,情報システムごとに導入コストや運用コストのトレードオフを考慮する必要がある,情報システムを運用する場合には導入コストや運用コストなどとのトレードオフも考慮しながら，情報システム毎に3要素の重要度を検討する必要がある。,"情報システムを運用する場合には導入コストや運用コストとのトレードオフも考慮しながら,情報システム毎に3要素の重要度を検討する必要があるか?",0
description,情報システムごとに導入コストや運用コストのトレードオフを考慮する必要がある,情報システムを運用する場合には導入コストや運用コストなどとのトレードオフも考慮しながら，情報システム毎に3要素の重要度を検討する必要がある。,情報システムを運用する場合には導入コストや運用コストとのトレードオフを考慮する必要がありますか,0
description,情報システムごとに導入コストや運用コストのトレードオフを考慮する必要がある,情報システムを運用する場合には導入コストや運用コストなどとのトレードオフも考慮しながら，情報システム毎に3要素の重要度を検討する必要がある。,"情報システムを運用する場合,導入コストや運用コストとのトレードオフを考慮する必要があるか",0
description,情報システムごとに導入コストや運用コストのトレードオフを考慮する必要がある,情報システムを運用する場合には導入コストや運用コストなどとのトレードオフも考慮しながら，情報システム毎に3要素の重要度を検討する必要がある。,"情報システムを運用する場合には導入コストや運用コストとのトレードオフも考慮しながら,情報システム毎に3要素の重要度を検討する必要があります",0
description,情報システムごとに導入コストや運用コストのトレードオフを考慮する必要がある,情報システムを運用する場合には導入コストや運用コストなどとのトレードオフも考慮しながら，情報システム毎に3要素の重要度を検討する必要がある。,"情報システムを運用する場合,導入コストや運用コストとのトレードオフを考慮する必要条件は何か",0
tf,正しい,平成30年の警察白書によれば，サイバー犯罪は次の3つの類型に区別されている。1.不正アクセス禁止法違反 2.コンピュータ・電磁的記録対象犯罪等 3.ネットワーク利用犯罪,次の文章は正しいか答えなさい。サイバー犯罪は次の3つの類型に区別されている。,0
tf,正しい,平成30年の警察白書によれば，サイバー犯罪は次の3つの類型に区別されている。1.不正アクセス禁止法違反 2.コンピュータ・電磁的記録対象犯罪等 3.ネットワーク利用犯罪,次の文章は正しいか答えなさい。サイバー犯罪は次の3つの類型に細分化されている。,0
tf,正しい,平成30年の警察白書によれば，サイバー犯罪は次の3つの類型に区別されている。1.不正アクセス禁止法違反 2.コンピュータ・電磁的記録対象犯罪等 3.ネットワーク利用犯罪,次の文章は正しいか答えなさい。サイバー犯罪は次の3つの類型に分離されている。,0
tf,正しい,平成30年の警察白書によれば，サイバー犯罪は次の3つの類型に区別されている。1.不正アクセス禁止法違反 2.コンピュータ・電磁的記録対象犯罪等 3.ネットワーク利用犯罪,次の文章は正しいか答えなさい。サイバー犯罪は次の3つの類型に分類できる。,0
tf,正しい,平成30年の警察白書によれば，サイバー犯罪は次の3つの類型に区別されている。1.不正アクセス禁止法違反 2.コンピュータ・電磁的記録対象犯罪等 3.ネットワーク利用犯罪,次の文章は正しいか答えなさい。サイバー犯罪は3つの類型に区別されている。,1
tf,正しい,平成30年の警察白書によれば，サイバー犯罪は次の3つの類型に区別されている。1.不正アクセス禁止法違反 2.コンピュータ・電磁的記録対象犯罪等 3.ネットワーク利用犯罪,次の文章は正しいか答えなさい。サイバー犯罪は次の3類型に区別されている。,0
tf,正しい,平成30年の警察白書によれば，サイバー犯罪は次の3つの類型に区別されている。1.不正アクセス禁止法違反 2.コンピュータ・電磁的記録対象犯罪等 3.ネットワーク利用犯罪,次の文章は正しいですか?サイバー犯罪は次の3つの類型に区別されている。,0
tf,正しい,平成30年の警察白書によれば，サイバー犯罪は次の3つの類型に区別されている。1.不正アクセス禁止法違反 2.コンピュータ・電磁的記録対象犯罪等 3.ネットワーク利用犯罪,次の文章は正しいか答えなさい。サイバー犯罪は次の3つに区別されている。,0
tf,正しい,平成30年の警察白書によれば，サイバー犯罪は次の3つの類型に区別されている。1.不正アクセス禁止法違反 2.コンピュータ・電磁的記録対象犯罪等 3.ネットワーク利用犯罪,次の文章は正しいか答えなさい。サイバー犯罪は次の3つの類型に分類される。,0
tf,正しい,平成30年の警察白書によれば，サイバー犯罪は次の3つの類型に区別されている。1.不正アクセス禁止法違反 2.コンピュータ・電磁的記録対象犯罪等 3.ネットワーク利用犯罪,次の文章は正しいか答えなさい。サイバー犯罪は次の3つの類型に分類することができる。,0
tf,正しくない,ネットワークを利用したサイバー犯罪には次のような特徴がある。1.匿名性が高い 2.痕跡が残りにくい 3.不特定多数が被害を受ける 4.時間と空間の制約がない,次の文章は正しいか答えなさい。ネットワークを利用したサイバー犯罪には次のような特徴がある。1.匿名性が高い2.痕跡が残りにくい3.不特定多数が被害を受ける4.時間と空間の制約がある,1
tf,正しくない,ネットワークを利用したサイバー犯罪には次のような特徴がある。1.匿名性が高い 2.痕跡が残りにくい 3.不特定多数が被害を受ける 4.時間と空間の制約がない,次の文章は正しいか答えなさい。ネットワークを利用したサイバー犯罪には次のような特徴がある。1.匿名性が高い2.痕跡が残りにくい3.不特定多数が被害を受ける4.時間と空間の制約がない,0
tf,正しくない,ネットワークを利用したサイバー犯罪には次のような特徴がある。1.匿名性が高い 2.痕跡が残りにくい 3.不特定多数が被害を受ける 4.時間と空間の制約がない,次の文章は正しいか答えなさい。ネットワークを利用したサイバー犯罪には次のような特徴がある。1.匿名性が低い2.痕跡が残りにくい3.不特定多数が被害を受ける4.時間と空間の制約がある,1
tf,正しくない,ネットワークを利用したサイバー犯罪には次のような特徴がある。1.匿名性が高い 2.痕跡が残りにくい 3.不特定多数が被害を受ける 4.時間と空間の制約がない,次の文章は正しいか答えなさい。ネットワークを利用したサイバー犯罪には次のような特徴がある。1.匿名性が高い2.痕跡が残りやすい3.不特定多数が被害を受ける4.時間と空間の制約がある,1
tf,正しくない,ネットワークを利用したサイバー犯罪には次のような特徴がある。1.匿名性が高い 2.痕跡が残りにくい 3.不特定多数が被害を受ける 4.時間と空間の制約がない,次の文章は正しいか答えなさい。ネットワークを利用したサイバー犯罪には次のような特徴がある。1.匿名性が高い 2.痕跡が残りにくい 3.不特定多数が被害を受ける 4.時間と空間の制約がある,1
tf,正しくない,ネットワークを利用したサイバー犯罪には次のような特徴がある。1.匿名性が高い 2.痕跡が残りにくい 3.不特定多数が被害を受ける 4.時間と空間の制約がない,次の文章は正しいか答えなさい。ネットワークを利用したサイバー犯罪には次のような特徴がある。1.匿名性が低い2.痕跡が残りにくい3.不特定多数が被害を受ける4.時間と空間の制約がない,1
tf,正しくない,ネットワークを利用したサイバー犯罪には次のような特徴がある。1.匿名性が高い 2.痕跡が残りにくい 3.不特定多数が被害を受ける 4.時間と空間の制約がない,次の文章は正しいか答えなさい。ネットワークを利用したサイバー犯罪には次のような特徴がある。1.匿名性が高い 2.痕跡が残りにくい 3.不特定多数が被害を受ける4.時間と空間の制約がある,1
tf,正しくない,ネットワークを利用したサイバー犯罪には次のような特徴がある。1.匿名性が高い 2.痕跡が残りにくい 3.不特定多数が被害を受ける 4.時間と空間の制約がない,次の文章は正しいか答えなさい。ネットワークを利用したサイバー犯罪には次のような特徴がある。1.匿名性が高い2.痕跡が残りやすい3.不特定多数が被害を受ける4.時間と空間の制約がない,1
tf,正しくない,ネットワークを利用したサイバー犯罪には次のような特徴がある。1.匿名性が高い 2.痕跡が残りにくい 3.不特定多数が被害を受ける 4.時間と空間の制約がない,次の文章は正しいか答えなさい。ネットワークを利用したサイバー犯罪には次のような特徴がある。1.匿名性が低い2.痕跡が残りやすい3.不特定多数が被害を受ける4.時間と空間の制約がある,1
tf,正しくない,ネットワークを利用したサイバー犯罪には次のような特徴がある。1.匿名性が高い 2.痕跡が残りにくい 3.不特定多数が被害を受ける 4.時間と空間の制約がない,次の文章は正しいか答えなさい。ネットワークを利用したサイバー犯罪には次のような特徴がある。1.匿名性が高い 2.痕跡が残りにくい 3.不特定多数が被害を受ける 4.時間と空間の制約がない,0
tf,正しい,一般の利用者が情報システムを利用するにあたり、設定するパスワードは通常、英数字、記号などを組み合わせ、他の人に容易に推測されない複雑なものにする必要がある。,次の文章は正しいか答えなさい。一般の利用者が情報システムを利用するにあたり、設定するパスワードは通常、英数字、記号などを組み合わせ、他の人に容易に推測されない複雑なものにする必要がある。,1
tf,正しい,一般の利用者が情報システムを利用するにあたり、設定するパスワードは通常、英数字、記号などを組み合わせ、他の人に容易に推測されない複雑なものにする必要がある。,次の文章は正しいか答えなさい。一般利用者が情報システムを利用するにあたり、設定するパスワードは通常、英数字、記号などを組み合わせ、他の人に容易に推測されない複雑なものにする必要がある。,1
tf,正しい,一般の利用者が情報システムを利用するにあたり、設定するパスワードは通常、英数字、記号などを組み合わせ、他の人に容易に推測されない複雑なものにする必要がある。,次の文章は正しいか答えなさい。一般の利用者が情報システムを利用するに当たり、設定するパスワードは通常、英数字、記号などを組み合わせ、他の人に容易に推測されない複雑なものにする必要がある。,1
tf,正しい,一般の利用者が情報システムを利用するにあたり、設定するパスワードは通常、英数字、記号などを組み合わせ、他の人に容易に推測されない複雑なものにする必要がある。,次の文章は正しいですか?一般の利用者が情報システムを利用するにあたり、設定するパスワードは通常、英数字、記号などを組み合わせ、他の人に容易に推測されない複雑なものにする必要がある。,1
tf,正しい,一般の利用者が情報システムを利用するにあたり、設定するパスワードは通常、英数字、記号などを組み合わせ、他の人に容易に推測されない複雑なものにする必要がある。,次の文章は正しいか答えなさい。一般の利用者が情報システムを利用するにあたり、設定するパスワードは通常、英数字、記号などを組み合わせ、他の人に簡単に推測されない複雑なものにする必要がある。,1
tf,正しい,一般の利用者が情報システムを利用するにあたり、設定するパスワードは通常、英数字、記号などを組み合わせ、他の人に容易に推測されない複雑なものにする必要がある。,次の文章は正しいか答えよ。一般の利用者が情報システムを利用するにあたり、設定するパスワードは通常、英数字、記号などを組み合わせ、他の人に容易に推測されない複雑なものにする必要がある。,1
tf,正しい,一般の利用者が情報システムを利用するにあたり、設定するパスワードは通常、英数字、記号などを組み合わせ、他の人に容易に推測されない複雑なものにする必要がある。,次の文章は正しいか答えなさい。一般利用者が情報システムを利用するに当たり、設定するパスワードは通常、英数字、記号などを組み合わせ、他の人に容易に推測されない複雑なものにする必要がある。,1
tf,正しい,一般の利用者が情報システムを利用するにあたり、設定するパスワードは通常、英数字、記号などを組み合わせ、他の人に容易に推測されない複雑なものにする必要がある。,この文章は正しいか答えなさい。一般の利用者が情報システムを利用するにあたり、設定するパスワードは通常、英数字、記号などを組み合わせ、他の人に容易に推測されない複雑なものにする必要がある。,1
tf,正しい,一般の利用者が情報システムを利用するにあたり、設定するパスワードは通常、英数字、記号などを組み合わせ、他の人に容易に推測されない複雑なものにする必要がある。,次の文章は正しいか答えなさい。一般の利用者が情報システムを利用するにあたり設定するパスワードは通常、英数字、記号などを組み合わせ、他の人に容易に推測されない複雑なものにする必要がある。,1
tf,正しい,一般の利用者が情報システムを利用するにあたり、設定するパスワードは通常、英数字、記号などを組み合わせ、他の人に容易に推測されない複雑なものにする必要がある。,次の文章は正しいか答えなさい。一般の利用者が情報システムを利用するにあたり、設定するパスワードは通常、英数字、記号などを組み合わせ、他の人に容易に推測されない複雑なものにしなければならない。,1
word,産業財産権と著作権,知的財産権とは，人間の幅広い知的創造活動の成果について，その創作者に一定期間の権利保護を与えるようにした制度である。知的財産権は，申請の必要な産業に関する産業財産権と，申請の必要がない文化や芸術に関する著作権に大きく分けられる。,"知的財産権とは,人間の幅広い知的創造活動の成果について,その創作者に一定期間の権利保護を与えるようにした制度である。",0
word,産業財産権と著作権,知的財産権とは，人間の幅広い知的創造活動の成果について，その創作者に一定期間の権利保護を与えるようにした制度である。知的財産権は，申請の必要な産業に関する産業財産権と，申請の必要がない文化や芸術に関する著作権に大きく分けられる。,"知的財産権とは,人間の幅広い知的創造活動の成果について,その創作者に一定期間の権利保護を与える制度である。",0
word,産業財産権と著作権,知的財産権とは，人間の幅広い知的創造活動の成果について，その創作者に一定期間の権利保護を与えるようにした制度である。知的財産権は，申請の必要な産業に関する産業財産権と，申請の必要がない文化や芸術に関する著作権に大きく分けられる。,"知的財産権とは,人間の幅広い知的創造活動の成果について,その創作者に一定期間の権利保護を与えるようにした制度である;",0
word,産業財産権と著作権,知的財産権とは，人間の幅広い知的創造活動の成果について，その創作者に一定期間の権利保護を与えるようにした制度である。知的財産権は，申請の必要な産業に関する産業財産権と，申請の必要がない文化や芸術に関する著作権に大きく分けられる。,"知的財産権は,申請の必要がない産業に関する産業財産権と,申請の必要がない文化や芸術に関する著作権に大きく分けられる。",0
word,産業財産権と著作権,知的財産権とは，人間の幅広い知的創造活動の成果について，その創作者に一定期間の権利保護を与えるようにした制度である。知的財産権は，申請の必要な産業に関する産業財産権と，申請の必要がない文化や芸術に関する著作権に大きく分けられる。,"知的財産権とは,人間の幅広い知的創造活動の成果について,その創作者に一定の権利保護を与えるようにした制度である。",0
word,産業財産権と著作権,知的財産権とは，人間の幅広い知的創造活動の成果について，その創作者に一定期間の権利保護を与えるようにした制度である。知的財産権は，申請の必要な産業に関する産業財産権と，申請の必要がない文化や芸術に関する著作権に大きく分けられる。,"知的財産権とは,人間の幅広い知的創造活動の成果について,ある創作者に一定期間の権利保護を与えるようにした制度である。",0
word,産業財産権と著作権,知的財産権とは，人間の幅広い知的創造活動の成果について，その創作者に一定期間の権利保護を与えるようにした制度である。知的財産権は，申請の必要な産業に関する産業財産権と，申請の必要がない文化や芸術に関する著作権に大きく分けられる。,"知的財産権とは,人間の幅広い知的創造活動の成果について,その創作者に一定期間の権利保護を与えるようにした制度をいう。",0
word,産業財産権と著作権,知的財産権とは，人間の幅広い知的創造活動の成果について，その創作者に一定期間の権利保護を与えるようにした制度である。知的財産権は，申請の必要な産業に関する産業財産権と，申請の必要がない文化や芸術に関する著作権に大きく分けられる。,"知的財産権とは,人間の幅広い知的創造活動の成果について,その創作者に一定期間の権利保護を与えるようにした制度のことである。",0
word,産業財産権と著作権,知的財産権とは，人間の幅広い知的創造活動の成果について，その創作者に一定期間の権利保護を与えるようにした制度である。知的財産権は，申請の必要な産業に関する産業財産権と，申請の必要がない文化や芸術に関する著作権に大きく分けられる。,"知的財産権とは,人間の幅広い知的創造活動の成果について,その創作者に一定期間の権利保護を与えるようにした制度を指す。",0
word,産業財産権と著作権,知的財産権とは，人間の幅広い知的創造活動の成果について，その創作者に一定期間の権利保護を与えるようにした制度である。知的財産権は，申請の必要な産業に関する産業財産権と，申請の必要がない文化や芸術に関する著作権に大きく分けられる。,"知的財産権とは,人間の幅広い知的創造活動の成果について,その創作者に一定期間の権利保護を与えるようにした制度。",0
description,"情報機器が普及したことで映像や音楽、イラストや写真など多くの著作物を手軽に利用かつ複製できるようになったため、著作権 についてよく理解した上で活用するようにしなければならない ",情報機器等が普及し，デジタル化が進んだことにより，映像，音楽，イラストや写真，文章など多くの著作物を手軽に利用でき，また複製できるようになった．手軽に利用できるようになったからこそ，知らぬ間に著作権を侵害してしまうことのないように，著作権についてよく理解した上で，著作物を守り活用していく姿勢が求められる．,"情報機器等が普及し,デジタル化が進んだ結果,知らぬ間に著作権を侵害してしまうことのないように配慮する必要があるか?",0
description,"情報機器が普及したことで映像や音楽、イラストや写真など多くの著作物を手軽に利用かつ複製できるようになったため、著作権 についてよく理解した上で活用するようにしなければならない ",情報機器等が普及し，デジタル化が進んだことにより，映像，音楽，イラストや写真，文章など多くの著作物を手軽に利用でき，また複製できるようになった．手軽に利用できるようになったからこそ，知らぬ間に著作権を侵害してしまうことのないように，著作権についてよく理解した上で，著作物を守り活用していく姿勢が求められる．,"情報機器等が普及し,デジタル化が進んだ結果,知らぬ間に著作権を侵害しないようにする必要があるか?",0
description,"情報機器が普及したことで映像や音楽、イラストや写真など多くの著作物を手軽に利用かつ複製できるようになったため、著作権 についてよく理解した上で活用するようにしなければならない ",情報機器等が普及し，デジタル化が進んだことにより，映像，音楽，イラストや写真，文章など多くの著作物を手軽に利用でき，また複製できるようになった．手軽に利用できるようになったからこそ，知らぬ間に著作権を侵害してしまうことのないように，著作権についてよく理解した上で，著作物を守り活用していく姿勢が求められる．,"情報機器等が普及し,デジタル化が進んだ結果,知らぬ間に著作権を侵害してしまうことのないように配慮する必要がある。",0
description,"情報機器が普及したことで映像や音楽、イラストや写真など多くの著作物を手軽に利用かつ複製できるようになったため、著作権 についてよく理解した上で活用するようにしなければならない ",情報機器等が普及し，デジタル化が進んだことにより，映像，音楽，イラストや写真，文章など多くの著作物を手軽に利用でき，また複製できるようになった．手軽に利用できるようになったからこそ，知らぬ間に著作権を侵害してしまうことのないように，著作権についてよく理解した上で，著作物を守り活用していく姿勢が求められる．,"情報機器の普及とデジタル化が進んだ結果,知らぬ間に著作権を侵害してしまうことのないように配慮する必要があるか?",0
description,"情報機器が普及したことで映像や音楽、イラストや写真など多くの著作物を手軽に利用かつ複製できるようになったため、著作権 についてよく理解した上で活用するようにしなければならない ",情報機器等が普及し，デジタル化が進んだことにより，映像，音楽，イラストや写真，文章など多くの著作物を手軽に利用でき，また複製できるようになった．手軽に利用できるようになったからこそ，知らぬ間に著作権を侵害してしまうことのないように，著作権についてよく理解した上で，著作物を守り活用していく姿勢が求められる．,"情報機器等が普及し,デジタル化が進んだ結果,知らぬ間に著作権を侵害してしまうことのないように留意すべきか?",0
description,"情報機器が普及したことで映像や音楽、イラストや写真など多くの著作物を手軽に利用かつ複製できるようになったため、著作権 についてよく理解した上で活用するようにしなければならない ",情報機器等が普及し，デジタル化が進んだことにより，映像，音楽，イラストや写真，文章など多くの著作物を手軽に利用でき，また複製できるようになった．手軽に利用できるようになったからこそ，知らぬ間に著作権を侵害してしまうことのないように，著作権についてよく理解した上で，著作物を守り活用していく姿勢が求められる．,"情報機器等が普及し,デジタル化が進んだ結果,知らぬ間に著作権を侵害してしまうことのないように配慮する必要がある.",0
description,"情報機器が普及したことで映像や音楽、イラストや写真など多くの著作物を手軽に利用かつ複製できるようになったため、著作権 についてよく理解した上で活用するようにしなければならない ",情報機器等が普及し，デジタル化が進んだことにより，映像，音楽，イラストや写真，文章など多くの著作物を手軽に利用でき，また複製できるようになった．手軽に利用できるようになったからこそ，知らぬ間に著作権を侵害してしまうことのないように，著作権についてよく理解した上で，著作物を守り活用していく姿勢が求められる．,"情報機器等が普及し,デジタル化が進んだ結果,知らぬ間に著作権を侵害してしまうことのないようにする必要があるか?",0
description,"情報機器が普及したことで映像や音楽、イラストや写真など多くの著作物を手軽に利用かつ複製できるようになったため、著作権 についてよく理解した上で活用するようにしなければならない ",情報機器等が普及し，デジタル化が進んだことにより，映像，音楽，イラストや写真，文章など多くの著作物を手軽に利用でき，また複製できるようになった．手軽に利用できるようになったからこそ，知らぬ間に著作権を侵害してしまうことのないように，著作権についてよく理解した上で，著作物を守り活用していく姿勢が求められる．,"情報機器等が普及し,デジタル化が進んだ結果,知らぬ間に著作権を侵害してしまうことのないように注意すべきことは何か",1
description,"情報機器が普及したことで映像や音楽、イラストや写真など多くの著作物を手軽に利用かつ複製できるようになったため、著作権 についてよく理解した上で活用するようにしなければならない ",情報機器等が普及し，デジタル化が進んだことにより，映像，音楽，イラストや写真，文章など多くの著作物を手軽に利用でき，また複製できるようになった．手軽に利用できるようになったからこそ，知らぬ間に著作権を侵害してしまうことのないように，著作権についてよく理解した上で，著作物を守り活用していく姿勢が求められる．,"情報機器等が普及し,デジタル化が進んだ結果,知らぬ間に著作権を侵害してしまうことのないように留意する必要がある。",0
description,"情報機器が普及したことで映像や音楽、イラストや写真など多くの著作物を手軽に利用かつ複製できるようになったため、著作権 についてよく理解した上で活用するようにしなければならない ",情報機器等が普及し，デジタル化が進んだことにより，映像，音楽，イラストや写真，文章など多くの著作物を手軽に利用でき，また複製できるようになった．手軽に利用できるようになったからこそ，知らぬ間に著作権を侵害してしまうことのないように，著作権についてよく理解した上で，著作物を守り活用していく姿勢が求められる．,"情報機器等が普及し,デジタル化が進んだ結果,知らぬ間に著作権を侵害してしまうことのないように配慮しなければならないか?",0
word,知的財産権,知的財産権とは，人間の幅広い知的創造活動の成果について，その創作者に一定期間の権利保護を与えるようにした制度である。知的財産権は，申請の必要な産業に関する産業財産権と，申請の必要がない文化や芸術に関する著作権に大きく分けられる。,"人間の幅広い知的創造活動の成果について,その創作者に一定期間の権利保護を与えるようにした制度は何か?",1
word,知的財産権,知的財産権とは，人間の幅広い知的創造活動の成果について，その創作者に一定期間の権利保護を与えるようにした制度である。知的財産権は，申請の必要な産業に関する産業財産権と，申請の必要がない文化や芸術に関する著作権に大きく分けられる。,"人間の幅広い知的創造活動の成果について,その創作者に一定期間の権利保護を与えるようにした制度は何か",1
word,知的財産権,知的財産権とは，人間の幅広い知的創造活動の成果について，その創作者に一定期間の権利保護を与えるようにした制度である。知的財産権は，申請の必要な産業に関する産業財産権と，申請の必要がない文化や芸術に関する著作権に大きく分けられる。,"人間の幅広い知的創造活動の成果について,その創作者に一定期間の権利保護を与えるようにした制度は何ですか?",1
word,知的財産権,知的財産権とは，人間の幅広い知的創造活動の成果について，その創作者に一定期間の権利保護を与えるようにした制度である。知的財産権は，申請の必要な産業に関する産業財産権と，申請の必要がない文化や芸術に関する著作権に大きく分けられる。,"人間の幅広い知的創造活動の成果について,その創作者に一定期間の権利保護を与えるようにした制度とは何か",1
word,知的財産権,知的財産権とは，人間の幅広い知的創造活動の成果について，その創作者に一定期間の権利保護を与えるようにした制度である。知的財産権は，申請の必要な産業に関する産業財産権と，申請の必要がない文化や芸術に関する著作権に大きく分けられる。,"人間幅広い知的創造活動の成果について,その創作者に一定期間の権利保護を与えるようにした制度は何か?",0
word,知的財産権,知的財産権とは，人間の幅広い知的創造活動の成果について，その創作者に一定期間の権利保護を与えるようにした制度である。知的財産権は，申請の必要な産業に関する産業財産権と，申請の必要がない文化や芸術に関する著作権に大きく分けられる。,"人間の幅広い知的創造活動の成果について,その創作者に一定期間の権利保護を与えるようにした制度は何と呼ばれているか",1
word,知的財産権,知的財産権とは，人間の幅広い知的創造活動の成果について，その創作者に一定期間の権利保護を与えるようにした制度である。知的財産権は，申請の必要な産業に関する産業財産権と，申請の必要がない文化や芸術に関する著作権に大きく分けられる。,"人間幅広い知的創造活動の成果について,その創作者に一定期間の権利保護を与えるようにした制度は何か",1
word,知的財産権,知的財産権とは，人間の幅広い知的創造活動の成果について，その創作者に一定期間の権利保護を与えるようにした制度である。知的財産権は，申請の必要な産業に関する産業財産権と，申請の必要がない文化や芸術に関する著作権に大きく分けられる。,"人間の幅広い知的創造活動の成果について,その創作者に一定期間の権利保護を与えるようにした制度の名前は何ですか?",1
word,知的財産権,知的財産権とは，人間の幅広い知的創造活動の成果について，その創作者に一定期間の権利保護を与えるようにした制度である。知的財産権は，申請の必要な産業に関する産業財産権と，申請の必要がない文化や芸術に関する著作権に大きく分けられる。,"人間の幅広い知的創造活動の成果について,その創作者に一定期間の権利保護を与えるようにした制度とは何か?",1
word,知的財産権,知的財産権とは，人間の幅広い知的創造活動の成果について，その創作者に一定期間の権利保護を与えるようにした制度である。知的財産権は，申請の必要な産業に関する産業財産権と，申請の必要がない文化や芸術に関する著作権に大きく分けられる。,"人間の幅広い知的創造活動の成果について,その創作者に一定期間の権利保護を与えるようにした制度は何か?",1
description,"産業財産権には、新しい発明を出願から20年間保護する特許権、物品の構造・形状の考案を出願から20年間保護する実用新案権、 商品やサービスに使用するマークを保護する商標権、物品のデザインを登録から25年間保護する意匠権がある。 ",特許権，実用新案権，意匠権，商標権を総称して産業財産権といい，新しい技術やデザインなどに対して独占的に使用できる権利が与えられ，模倣されないように保護される．,産業財産権にはどのようなものがありますか?,1
description,"産業財産権には、新しい発明を出願から20年間保護する特許権、物品の構造・形状の考案を出願から20年間保護する実用新案権、 商品やサービスに使用するマークを保護する商標権、物品のデザインを登録から25年間保護する意匠権がある。 ",特許権，実用新案権，意匠権，商標権を総称して産業財産権といい，新しい技術やデザインなどに対して独占的に使用できる権利が与えられ，模倣されないように保護される．,"特許権,実用新案権,商標権を総称して産業財産権という.",0
description,"産業財産権には、新しい発明を出願から20年間保護する特許権、物品の構造・形状の考案を出願から20年間保護する実用新案権、 商品やサービスに使用するマークを保護する商標権、物品のデザインを登録から25年間保護する意匠権がある。 ",特許権，実用新案権，意匠権，商標権を総称して産業財産権といい，新しい技術やデザインなどに対して独占的に使用できる権利が与えられ，模倣されないように保護される．,産業財産権にはどのようなものがありますか,1
description,"産業財産権には、新しい発明を出願から20年間保護する特許権、物品の構造・形状の考案を出願から20年間保護する実用新案権、 商品やサービスに使用するマークを保護する商標権、物品のデザインを登録から25年間保護する意匠権がある。 ",特許権，実用新案権，意匠権，商標権を総称して産業財産権といい，新しい技術やデザインなどに対して独占的に使用できる権利が与えられ，模倣されないように保護される．,産業財産権にはどのようなものがあるか,1
description,"産業財産権には、新しい発明を出願から20年間保護する特許権、物品の構造・形状の考案を出願から20年間保護する実用新案権、 商品やサービスに使用するマークを保護する商標権、物品のデザインを登録から25年間保護する意匠権がある。 ",特許権，実用新案権，意匠権，商標権を総称して産業財産権といい，新しい技術やデザインなどに対して独占的に使用できる権利が与えられ，模倣されないように保護される．,"特許権,実用新案権,意匠権を総称して産業財産権という.",0
description,"産業財産権には、新しい発明を出願から20年間保護する特許権、物品の構造・形状の考案を出願から20年間保護する実用新案権、 商品やサービスに使用するマークを保護する商標権、物品のデザインを登録から25年間保護する意匠権がある。 ",特許権，実用新案権，意匠権，商標権を総称して産業財産権といい，新しい技術やデザインなどに対して独占的に使用できる権利が与えられ，模倣されないように保護される．,"特許権,実用新案権,商標権を総称して産業財産権といいますか?",0
description,"産業財産権には、新しい発明を出願から20年間保護する特許権、物品の構造・形状の考案を出願から20年間保護する実用新案権、 商品やサービスに使用するマークを保護する商標権、物品のデザインを登録から25年間保護する意匠権がある。 ",特許権，実用新案権，意匠権，商標権を総称して産業財産権といい，新しい技術やデザインなどに対して独占的に使用できる権利が与えられ，模倣されないように保護される．,産業財産権にはどのようなものがあるか?,1
description,"産業財産権には、新しい発明を出願から20年間保護する特許権、物品の構造・形状の考案を出願から20年間保護する実用新案権、 商品やサービスに使用するマークを保護する商標権、物品のデザインを登録から25年間保護する意匠権がある。 ",特許権，実用新案権，意匠権，商標権を総称して産業財産権といい，新しい技術やデザインなどに対して独占的に使用できる権利が与えられ，模倣されないように保護される．,特許権と実用新案権は一体となって産業財産権を構成しているのだろうか,0
description,"産業財産権には、新しい発明を出願から20年間保護する特許権、物品の構造・形状の考案を出願から20年間保護する実用新案権、 商品やサービスに使用するマークを保護する商標権、物品のデザインを登録から25年間保護する意匠権がある。 ",特許権，実用新案権，意匠権，商標権を総称して産業財産権といい，新しい技術やデザインなどに対して独占的に使用できる権利が与えられ，模倣されないように保護される．,"特許権,実用新案権,商標権を総称して産業財産権という。",0
description,"産業財産権には、新しい発明を出願から20年間保護する特許権、物品の構造・形状の考案を出願から20年間保護する実用新案権、 商品やサービスに使用するマークを保護する商標権、物品のデザインを登録から25年間保護する意匠権がある。 ",特許権，実用新案権，意匠権，商標権を総称して産業財産権といい，新しい技術やデザインなどに対して独占的に使用できる権利が与えられ，模倣されないように保護される．,特許権、実用新案権、商標権を総称して産業財産権という.,0
word,商標権,特許権，実用新案権，意匠権，商標権を総称して産業財産権といい，新しい技術やデザインなどに対して独占的に使用できる権利が与えられ，模倣されないように保護される。,"特許権,実用新案権,意匠権を総称して産業財産権という。",0
word,商標権,特許権，実用新案権，意匠権，商標権を総称して産業財産権といい，新しい技術やデザインなどに対して独占的に使用できる権利が与えられ，模倣されないように保護される。,"特許権,実用新案権,意匠権を総称して産業財産権といい,新しい技術やデザインに対して独占的に使用できる権利が与えられている。",0
word,商標権,特許権，実用新案権，意匠権，商標権を総称して産業財産権といい，新しい技術やデザインなどに対して独占的に使用できる権利が与えられ，模倣されないように保護される。,"特許権,実用新案権,意匠権を総称して産業財産権といい,新しい技術やデザインに対して独占的に使用できる権利が与えられる。",0
word,商標権,特許権，実用新案権，意匠権，商標権を総称して産業財産権といい，新しい技術やデザインなどに対して独占的に使用できる権利が与えられ，模倣されないように保護される。,"特許権,実用新案権,意匠権を総称して産業財産権といい,新しい技術やデザインなどに対して独占的に使用できる権利が与えられている。",0
word,商標権,特許権，実用新案権，意匠権，商標権を総称して産業財産権といい，新しい技術やデザインなどに対して独占的に使用できる権利が与えられ，模倣されないように保護される。,"特許権,実用新案権,意匠権を総称して産業財産権といい,新しい技術やデザインに対して独占的に使用できる権利が与えられた。",0
word,商標権,特許権，実用新案権，意匠権，商標権を総称して産業財産権といい，新しい技術やデザインなどに対して独占的に使用できる権利が与えられ，模倣されないように保護される。,"特許権,実用新案権、意匠権を総称して産業財産権といい,新しい技術やデザインに対して独占的に使用できる権利が与えられている。",0
word,商標権,特許権，実用新案権，意匠権，商標権を総称して産業財産権といい，新しい技術やデザインなどに対して独占的に使用できる権利が与えられ，模倣されないように保護される。,"特許権と実用新案権は総称して産業財産権といい,新しい技術やデザインに対して独占的に使用できる権利が与えられている。",0
word,商標権,特許権，実用新案権，意匠権，商標権を総称して産業財産権といい，新しい技術やデザインなどに対して独占的に使用できる権利が与えられ，模倣されないように保護される。,"特許権,実用新案権,意匠権を総称して産業財産権といい,新しい技術やデザインなどに対して独占的に使用できる権利が与えられる。",0
word,商標権,特許権，実用新案権，意匠権，商標権を総称して産業財産権といい，新しい技術やデザインなどに対して独占的に使用できる権利が与えられ，模倣されないように保護される。,"特許権,実用新案権、意匠権を総称して産業財産権という。",0
word,商標権,特許権，実用新案権，意匠権，商標権を総称して産業財産権といい，新しい技術やデザインなどに対して独占的に使用できる権利が与えられ，模倣されないように保護される。,"特許権,実用新案権,意匠権を総称して産業財産権といい,新しい技術やデザインなどに対して独占的に使用できる権利が与えられた。",0
description,"生存する個人に関する情報であって、当該情報に含まれる氏名、生年月日その他の記述等により特定の個人を識別することができ るもの、あるいは個人識別符号が含まれるもの ",2003年に成立した「個人情報の保護に関する法律」では，個人情報を次のように定義している。「生存する個人に関する情報であって，当該情報に含まれる氏名，生年月日，その他の記述などによって特定の個人を識別できるもの(他の情報と容易に照合することができ，それによって特定の個人を識別することができることとなるものを含む)，または個人識別符号が含まれるもの。」,"個人情報を次のように定義している。「生存する個人に関する情報であって,当該情報に含まれる氏名、生年月日その他の記述によって特定の個人を識別できるもの」",0
description,"生存する個人に関する情報であって、当該情報に含まれる氏名、生年月日その他の記述等により特定の個人を識別することができ るもの、あるいは個人識別符号が含まれるもの ",2003年に成立した「個人情報の保護に関する法律」では，個人情報を次のように定義している。「生存する個人に関する情報であって，当該情報に含まれる氏名，生年月日，その他の記述などによって特定の個人を識別できるもの(他の情報と容易に照合することができ，それによって特定の個人を識別することができることとなるものを含む)，または個人識別符号が含まれるもの。」,"「個人情報の保護に関する法律」は「生存する個人に関する情報であって,当該情報に含まれる氏名、生年月日その他の記述によって特定の個人を識別できるもの。",0
description,"生存する個人に関する情報であって、当該情報に含まれる氏名、生年月日その他の記述等により特定の個人を識別することができ るもの、あるいは個人識別符号が含まれるもの ",2003年に成立した「個人情報の保護に関する法律」では，個人情報を次のように定義している。「生存する個人に関する情報であって，当該情報に含まれる氏名，生年月日，その他の記述などによって特定の個人を識別できるもの(他の情報と容易に照合することができ，それによって特定の個人を識別することができることとなるものを含む)，または個人識別符号が含まれるもの。」,"個人情報を次のように定義している。 「生存する個人に関する情報であって,当該情報に含まれる氏名、生年月日その他の記述によって特定の個人を識別できるもの」",0
description,"生存する個人に関する情報であって、当該情報に含まれる氏名、生年月日その他の記述等により特定の個人を識別することができ るもの、あるいは個人識別符号が含まれるもの ",2003年に成立した「個人情報の保護に関する法律」では，個人情報を次のように定義している。「生存する個人に関する情報であって，当該情報に含まれる氏名，生年月日，その他の記述などによって特定の個人を識別できるもの(他の情報と容易に照合することができ，それによって特定の個人を識別することができることとなるものを含む)，または個人識別符号が含まれるもの。」,"個人情報を次のように定義している。「生存する個人に関する情報であって,他の情報と容易に照合することができ,それによって特定の個人を識別することができるもの」",0
description,"生存する個人に関する情報であって、当該情報に含まれる氏名、生年月日その他の記述等により特定の個人を識別することができ るもの、あるいは個人識別符号が含まれるもの ",2003年に成立した「個人情報の保護に関する法律」では，個人情報を次のように定義している。「生存する個人に関する情報であって，当該情報に含まれる氏名，生年月日，その他の記述などによって特定の個人を識別できるもの(他の情報と容易に照合することができ，それによって特定の個人を識別することができることとなるものを含む)，または個人識別符号が含まれるもの。」,"個人情報を次のように定義している。「生存する個人に関する情報であって,当該情報に含まれる氏名、生年月日その他の記述によって特定の個人を識別することができるもの」",0
description,"生存する個人に関する情報であって、当該情報に含まれる氏名、生年月日その他の記述等により特定の個人を識別することができ るもの、あるいは個人識別符号が含まれるもの ",2003年に成立した「個人情報の保護に関する法律」では，個人情報を次のように定義している。「生存する個人に関する情報であって，当該情報に含まれる氏名，生年月日，その他の記述などによって特定の個人を識別できるもの(他の情報と容易に照合することができ，それによって特定の個人を識別することができることとなるものを含む)，または個人識別符号が含まれるもの。」,"「個人情報の保護に関する法律」は「生存する個人に関する情報であって,当該情報に含まれる氏名、生年月日その他の記述によって特定の個人を識別できるものをいう。",0
description,"生存する個人に関する情報であって、当該情報に含まれる氏名、生年月日その他の記述等により特定の個人を識別することができ るもの、あるいは個人識別符号が含まれるもの ",2003年に成立した「個人情報の保護に関する法律」では，個人情報を次のように定義している。「生存する個人に関する情報であって，当該情報に含まれる氏名，生年月日，その他の記述などによって特定の個人を識別できるもの(他の情報と容易に照合することができ，それによって特定の個人を識別することができることとなるものを含む)，または個人識別符号が含まれるもの。」,"個人情報を次のように定義している。「生存する個人に関する情報であって,当該情報に含まれる氏名、生年月日その他の記述などによって特定の個人を識別できるもの」",0
description,"生存する個人に関する情報であって、当該情報に含まれる氏名、生年月日その他の記述等により特定の個人を識別することができ るもの、あるいは個人識別符号が含まれるもの ",2003年に成立した「個人情報の保護に関する法律」では，個人情報を次のように定義している。「生存する個人に関する情報であって，当該情報に含まれる氏名，生年月日，その他の記述などによって特定の個人を識別できるもの(他の情報と容易に照合することができ，それによって特定の個人を識別することができることとなるものを含む)，または個人識別符号が含まれるもの。」,"「個人情報の保護に関する法律」は「生存する個人に関する情報であって,当該情報に含まれる氏名、生年月日その他の記述などによって特定の個人を識別できるもの。",0
description,"生存する個人に関する情報であって、当該情報に含まれる氏名、生年月日その他の記述等により特定の個人を識別することができ るもの、あるいは個人識別符号が含まれるもの ",2003年に成立した「個人情報の保護に関する法律」では，個人情報を次のように定義している。「生存する個人に関する情報であって，当該情報に含まれる氏名，生年月日，その他の記述などによって特定の個人を識別できるもの(他の情報と容易に照合することができ，それによって特定の個人を識別することができることとなるものを含む)，または個人識別符号が含まれるもの。」,"「個人情報の保護に関する法律」は「生存する個人に関する情報であって,当該情報に含まれる氏名、生年月日その他の記述などによって特定の個人を識別できるものをいう。",0
description,"生存する個人に関する情報であって、当該情報に含まれる氏名、生年月日その他の記述等により特定の個人を識別することができ るもの、あるいは個人識別符号が含まれるもの ",2003年に成立した「個人情報の保護に関する法律」では，個人情報を次のように定義している。「生存する個人に関する情報であって，当該情報に含まれる氏名，生年月日，その他の記述などによって特定の個人を識別できるもの(他の情報と容易に照合することができ，それによって特定の個人を識別することができることとなるものを含む)，または個人識別符号が含まれるもの。」,"個人情報を次のように定義している。 「生存する個人に関する情報であって,当該情報に含まれる氏名、生年月日その他の記述によって特定の個人を識別することができるもの」",0
word,特許庁,特許権，実用新案権，意匠権，商標権を総称して産業財産権といい，新しい技術やデザインなどに対して独占的に使用できる権利が与えられ，模倣されないように保護される。これらは，特許庁に出願し，登録することで権利が発生する。なお，権利の性質上，商標権は更新が可能となっている。,"特許権はどこに出願し,登録することで権利が発生するのか?",1
word,特許庁,特許権，実用新案権，意匠権，商標権を総称して産業財産権といい，新しい技術やデザインなどに対して独占的に使用できる権利が与えられ，模倣されないように保護される。これらは，特許庁に出願し，登録することで権利が発生する。なお，権利の性質上，商標権は更新が可能となっている。,"特許権はどこに出願し,登録することで権利が発生するか",1
word,特許庁,特許権，実用新案権，意匠権，商標権を総称して産業財産権といい，新しい技術やデザインなどに対して独占的に使用できる権利が与えられ，模倣されないように保護される。これらは，特許庁に出願し，登録することで権利が発生する。なお，権利の性質上，商標権は更新が可能となっている。,"特許権はどこに出願し,登録することで権利が発生するか?",1
word,特許庁,特許権，実用新案権，意匠権，商標権を総称して産業財産権といい，新しい技術やデザインなどに対して独占的に使用できる権利が与えられ，模倣されないように保護される。これらは，特許庁に出願し，登録することで権利が発生する。なお，権利の性質上，商標権は更新が可能となっている。,"特許権はどこに出願し,登録することで権利が発生するのか",1
word,特許庁,特許権，実用新案権，意匠権，商標権を総称して産業財産権といい，新しい技術やデザインなどに対して独占的に使用できる権利が与えられ，模倣されないように保護される。これらは，特許庁に出願し，登録することで権利が発生する。なお，権利の性質上，商標権は更新が可能となっている。,特許権はどこに出願して登録することで権利が発生するのか?,1
word,特許庁,特許権，実用新案権，意匠権，商標権を総称して産業財産権といい，新しい技術やデザインなどに対して独占的に使用できる権利が与えられ，模倣されないように保護される。これらは，特許庁に出願し，登録することで権利が発生する。なお，権利の性質上，商標権は更新が可能となっている。,"特許権はどこに出願し,登録することで権利が発生するのですか?",1
word,特許庁,特許権，実用新案権，意匠権，商標権を総称して産業財産権といい，新しい技術やデザインなどに対して独占的に使用できる権利が与えられ，模倣されないように保護される。これらは，特許庁に出願し，登録することで権利が発生する。なお，権利の性質上，商標権は更新が可能となっている。,特許権はどこに出願すると権利が発生するのか?,0
word,特許庁,特許権，実用新案権，意匠権，商標権を総称して産業財産権といい，新しい技術やデザインなどに対して独占的に使用できる権利が与えられ，模倣されないように保護される。これらは，特許庁に出願し，登録することで権利が発生する。なお，権利の性質上，商標権は更新が可能となっている。,特許権はどこに出願すれば権利が発生するのか?,0
word,特許庁,特許権，実用新案権，意匠権，商標権を総称して産業財産権といい，新しい技術やデザインなどに対して独占的に使用できる権利が与えられ，模倣されないように保護される。これらは，特許庁に出願し，登録することで権利が発生する。なお，権利の性質上，商標権は更新が可能となっている。,特許権はどこに出願して登録することで権利が発生するか?,1
word,特許庁,特許権，実用新案権，意匠権，商標権を総称して産業財産権といい，新しい技術やデザインなどに対して独占的に使用できる権利が与えられ，模倣されないように保護される。これらは，特許庁に出願し，登録することで権利が発生する。なお，権利の性質上，商標権は更新が可能となっている。,"特許権はどこに出願し,登録することで権利が発生するのだろうか",1
description,個人情報を持つ企業や行政に対し、開示、訂正、利用停止等を求めることができる,我々は，個人情報を持つ企業や行政機関について，開示，訂正，利用停止等を求めることができる権利が保障されているので，これらを適切に行使して自分の個人情報を適切に保つことができる．,"我々は,これらの権利を適切に行使して自分の個人情報を適切に保持することができる.",0
description,個人情報を持つ企業や行政に対し、開示、訂正、利用停止等を求めることができる,我々は，個人情報を持つ企業や行政機関について，開示，訂正，利用停止等を求めることができる権利が保障されているので，これらを適切に行使して自分の個人情報を適切に保つことができる．,"我々は,これらの権利を適切に行使して自分の個人情報を適切に保つことができる.",0
description,個人情報を持つ企業や行政に対し、開示、訂正、利用停止等を求めることができる,我々は，個人情報を持つ企業や行政機関について，開示，訂正，利用停止等を求めることができる権利が保障されているので，これらを適切に行使して自分の個人情報を適切に保つことができる．,"我々は,開示、訂正、利用停止等を求めることができる権利が保障されているので,これらを適切に行使して自分の個人情報を適切に保つことができる.",0
description,個人情報を持つ企業や行政に対し、開示、訂正、利用停止等を求めることができる,我々は，個人情報を持つ企業や行政機関について，開示，訂正，利用停止等を求めることができる権利が保障されているので，これらを適切に行使して自分の個人情報を適切に保つことができる．,"我々は,開示、訂正、利用停止等を求めることができる権利が保障されているので,これらのを適切に行使して自分の個人情報を適切に保つことができる.",0
description,個人情報を持つ企業や行政に対し、開示、訂正、利用停止等を求めることができる,我々は，個人情報を持つ企業や行政機関について，開示，訂正，利用停止等を求めることができる権利が保障されているので，これらを適切に行使して自分の個人情報を適切に保つことができる．,"我々は,開示、訂正、利用停止等を求めることができる権利が保障されているので,これらを適切に行使して自分の個人情報を適切に保持することができる.",0
description,個人情報を持つ企業や行政に対し、開示、訂正、利用停止等を求めることができる,我々は，個人情報を持つ企業や行政機関について，開示，訂正，利用停止等を求めることができる権利が保障されているので，これらを適切に行使して自分の個人情報を適切に保つことができる．,"我々は,開示、訂正、利用停止等を求めることができる権利が保障されているので,これらのを適切に行使して自分の個人情報を適切に保持することができる.",0
description,個人情報を持つ企業や行政に対し、開示、訂正、利用停止等を求めることができる,我々は，個人情報を持つ企業や行政機関について，開示，訂正，利用停止等を求めることができる権利が保障されているので，これらを適切に行使して自分の個人情報を適切に保つことができる．,"我々は,開示、訂正、利用停止等を求めることができる権利が保障されているので,これを適切に行使して自分の個人情報を適切に保つことができる.",0
description,個人情報を持つ企業や行政に対し、開示、訂正、利用停止等を求めることができる,我々は，個人情報を持つ企業や行政機関について，開示，訂正，利用停止等を求めることができる権利が保障されているので，これらを適切に行使して自分の個人情報を適切に保つことができる．,"我々は,開示、訂正、利用停止を求めることができる権利が保障されているので,これらを適切に行使して自分の個人情報を適切に保つことができる.",0
description,個人情報を持つ企業や行政に対し、開示、訂正、利用停止等を求めることができる,我々は，個人情報を持つ企業や行政機関について，開示，訂正，利用停止等を求めることができる権利が保障されているので，これらを適切に行使して自分の個人情報を適切に保つことができる．,"我々は,開示、訂正、利用停止等を求めることができる権利が保障されているので,これを適切に行使して自分の個人情報を適切に保持することができる.",0
description,個人情報を持つ企業や行政に対し、開示、訂正、利用停止等を求めることができる,我々は，個人情報を持つ企業や行政機関について，開示，訂正，利用停止等を求めることができる権利が保障されているので，これらを適切に行使して自分の個人情報を適切に保つことができる．,"我々は,開示、訂正、利用停止を求めることができる権利が保障されているので,これらのを適切に行使して自分の個人情報を適切に保つことができる.",0
tf,正しくない,教育を担任する者、授業を受ける者は、授業の過程で利用するために、必要と認められる限度に置いて著作物を複製できる。ただし、著作権者の利益を不当に害することは違法になる。,次の文章は正しいか答えなさい。教育を担任する者、授業を受ける者は、授業の過程で利用するために著作物を複製することは違法である。,1
tf,正しくない,教育を担任する者、授業を受ける者は、授業の過程で利用するために、必要と認められる限度に置いて著作物を複製できる。ただし、著作権者の利益を不当に害することは違法になる。,次の文章は正しいか答えなさい。授業の過程で利用するために著作物を複製することは違法である。,1
tf,正しくない,教育を担任する者、授業を受ける者は、授業の過程で利用するために、必要と認められる限度に置いて著作物を複製できる。ただし、著作権者の利益を不当に害することは違法になる。,次の文章は正しいか答えなさい。教育を担任する者、授業を受ける者は、授業の過程で利用するために著作物を複製することが違法である。,1
tf,正しくない,教育を担任する者、授業を受ける者は、授業の過程で利用するために、必要と認められる限度に置いて著作物を複製できる。ただし、著作権者の利益を不当に害することは違法になる。,次の文章は正しいか答えなさい。教育を担任者、授業を受ける者は、授業の過程で利用するために著作物を複製することは違法である。,0
tf,正しくない,教育を担任する者、授業を受ける者は、授業の過程で利用するために、必要と認められる限度に置いて著作物を複製できる。ただし、著作権者の利益を不当に害することは違法になる。,次の文章は正しいか答えなさい。教育を担任する者、授業を受ける者は、授業の過程で利用するために著作物を複製することは違法になる。,1
tf,正しくない,教育を担任する者、授業を受ける者は、授業の過程で利用するために、必要と認められる限度に置いて著作物を複製できる。ただし、著作権者の利益を不当に害することは違法になる。,次の文章は正しいか答えなさい。教育を担任する者、授業を受ける者は、授業の過程で利用するために著作物を複製する。,0
tf,正しくない,教育を担任する者、授業を受ける者は、授業の過程で利用するために、必要と認められる限度に置いて著作物を複製できる。ただし、著作権者の利益を不当に害することは違法になる。,次の文章は正しいか答えなさい。教科書を担任する者、授業を受ける者は、授業の過程で利用するために著作物を複製することは違法である。,1
tf,正しくない,教育を担任する者、授業を受ける者は、授業の過程で利用するために、必要と認められる限度に置いて著作物を複製できる。ただし、著作権者の利益を不当に害することは違法になる。,次の文章は正しいか答えなさい。教育を担任する者、授業を受ける者は、授業の過程で利用するために著作物を複製することを違法である。,1
tf,正しくない,教育を担任する者、授業を受ける者は、授業の過程で利用するために、必要と認められる限度に置いて著作物を複製できる。ただし、著作権者の利益を不当に害することは違法になる。,次の文章は正しいか答えなさい。教育を担任する者、授業を受ける者は、授業の過程で利用するために著作物を複製することは違法です。,1
tf,正しくない,教育を担任する者、授業を受ける者は、授業の過程で利用するために、必要と認められる限度に置いて著作物を複製できる。ただし、著作権者の利益を不当に害することは違法になる。,次の文章は正しいか答えなさい。教育を担任する者、授業を受ける者は、授業の過程で利用するために著作物を複製することが違法になる。,1
description,"生体情報を変換した符号であるDNA、顔、虹彩などや、公的な番号であるパスポート番号、マイナンバーなどである ",個人情報の例としては，マイナンバーやパスポート番号などの個人識別符号をあげることができる．同姓同名がいない場合は，氏名がわかれば個人を特定することができ，DNA，虹彩，指紋，声紋などの生体情報も個人を識別するものとして利用することができる．,"個人情報の例としては,生体情報を変換した符号であるdna、顔、虹彩などをあげよ",0
description,"生体情報を変換した符号であるDNA、顔、虹彩などや、公的な番号であるパスポート番号、マイナンバーなどである ",個人情報の例としては，マイナンバーやパスポート番号などの個人識別符号をあげることができる．同姓同名がいない場合は，氏名がわかれば個人を特定することができ，DNA，虹彩，指紋，声紋などの生体情報も個人を識別するものとして利用することができる．,"個人情報の例として,生体情報を変換した符号であるdna、顔、虹彩などをあげよ",0
description,"生体情報を変換した符号であるDNA、顔、虹彩などや、公的な番号であるパスポート番号、マイナンバーなどである ",個人情報の例としては，マイナンバーやパスポート番号などの個人識別符号をあげることができる．同姓同名がいない場合は，氏名がわかれば個人を特定することができ，DNA，虹彩，指紋，声紋などの生体情報も個人を識別するものとして利用することができる．,"個人情報の例としては,生体情報を変換した符号であるdna、顔、虹彩などをあげよ.",0
description,"生体情報を変換した符号であるDNA、顔、虹彩などや、公的な番号であるパスポート番号、マイナンバーなどである ",個人情報の例としては，マイナンバーやパスポート番号などの個人識別符号をあげることができる．同姓同名がいない場合は，氏名がわかれば個人を特定することができ，DNA，虹彩，指紋，声紋などの生体情報も個人を識別するものとして利用することができる．,個人識別符号とは何か?,0
description,"生体情報を変換した符号であるDNA、顔、虹彩などや、公的な番号であるパスポート番号、マイナンバーなどである ",個人情報の例としては，マイナンバーやパスポート番号などの個人識別符号をあげることができる．同姓同名がいない場合は，氏名がわかれば個人を特定することができ，DNA，虹彩，指紋，声紋などの生体情報も個人を識別するものとして利用することができる．,"個人情報の例としては,生体情報を変換した符号であるdna、顔、虹彩などをあげよ。",0
description,"生体情報を変換した符号であるDNA、顔、虹彩などや、公的な番号であるパスポート番号、マイナンバーなどである ",個人情報の例としては，マイナンバーやパスポート番号などの個人識別符号をあげることができる．同姓同名がいない場合は，氏名がわかれば個人を特定することができ，DNA，虹彩，指紋，声紋などの生体情報も個人を識別するものとして利用することができる．,"個人情報の例としては,生体情報を変換した符号であるdna、顔、虹彩などをあげよう",0
description,"生体情報を変換した符号であるDNA、顔、虹彩などや、公的な番号であるパスポート番号、マイナンバーなどである ",個人情報の例としては，マイナンバーやパスポート番号などの個人識別符号をあげることができる．同姓同名がいない場合は，氏名がわかれば個人を特定することができ，DNA，虹彩，指紋，声紋などの生体情報も個人を識別するものとして利用することができる．,"個人情報の例としては,生体情報を変換した符号であるdna、顔、虹彩などをあげなさい。",0
description,"生体情報を変換した符号であるDNA、顔、虹彩などや、公的な番号であるパスポート番号、マイナンバーなどである ",個人情報の例としては，マイナンバーやパスポート番号などの個人識別符号をあげることができる．同姓同名がいない場合は，氏名がわかれば個人を特定することができ，DNA，虹彩，指紋，声紋などの生体情報も個人を識別するものとして利用することができる．,"個人情報の例として,生体情報を変換した符号であるdna、顔、虹彩などをあげよ.",0
description,"生体情報を変換した符号であるDNA、顔、虹彩などや、公的な番号であるパスポート番号、マイナンバーなどである ",個人情報の例としては，マイナンバーやパスポート番号などの個人識別符号をあげることができる．同姓同名がいない場合は，氏名がわかれば個人を特定することができ，DNA，虹彩，指紋，声紋などの生体情報も個人を識別するものとして利用することができる．,"個人情報の例として,生体情報を変換した符号であるdna、顔、虹彩をあげよ",0
description,"生体情報を変換した符号であるDNA、顔、虹彩などや、公的な番号であるパスポート番号、マイナンバーなどである ",個人情報の例としては，マイナンバーやパスポート番号などの個人識別符号をあげることができる．同姓同名がいない場合は，氏名がわかれば個人を特定することができ，DNA，虹彩，指紋，声紋などの生体情報も個人を識別するものとして利用することができる．,"個人情報の例として,生体情報を変換した符号であるdna、顔、虹彩などをあげよ。",0
description,生存する個人に関する情報で、氏名・生年月日その他の記述などで特定の個人を識別できるもの。または個人識別符号が含まれるもの。,2003年に成立した「個人情報の保護に関する法律」(以下，「個人情報保護法」という)では，個人情報を以下のように定義している。「生存する個人に関する情報であって，当該情報に含まれる氏名，生年月日その他の記述などによって特定の個人を識別できるもの(他の情報と容易に照合することができ，それによって特定の個人を識別することができることとなるものを含む。)，または個人識別符号が含まれるもの。」,"「個人情報保護法」は「生存する個人に関する情報であって,当該情報に含まれる氏名,生年月日その他の記述によって特定の個人を識別できるもの。",0
description,生存する個人に関する情報で、氏名・生年月日その他の記述などで特定の個人を識別できるもの。または個人識別符号が含まれるもの。,2003年に成立した「個人情報の保護に関する法律」(以下，「個人情報保護法」という)では，個人情報を以下のように定義している。「生存する個人に関する情報であって，当該情報に含まれる氏名，生年月日その他の記述などによって特定の個人を識別できるもの(他の情報と容易に照合することができ，それによって特定の個人を識別することができることとなるものを含む。)，または個人識別符号が含まれるもの。」,"「個人情報保護法」は「生存する個人に関する情報であって,当該情報に含まれる氏名,生年月日その他の記述などによって特定の個人を識別できるもの。",0
description,生存する個人に関する情報で、氏名・生年月日その他の記述などで特定の個人を識別できるもの。または個人識別符号が含まれるもの。,2003年に成立した「個人情報の保護に関する法律」(以下，「個人情報保護法」という)では，個人情報を以下のように定義している。「生存する個人に関する情報であって，当該情報に含まれる氏名，生年月日その他の記述などによって特定の個人を識別できるもの(他の情報と容易に照合することができ，それによって特定の個人を識別することができることとなるものを含む。)，または個人識別符号が含まれるもの。」,"「個人情報保護法」は「生存する個人に関する情報で,当該情報に含まれる氏名,生年月日その他の記述によって特定の個人を識別できるもの。",0
description,生存する個人に関する情報で、氏名・生年月日その他の記述などで特定の個人を識別できるもの。または個人識別符号が含まれるもの。,2003年に成立した「個人情報の保護に関する法律」(以下，「個人情報保護法」という)では，個人情報を以下のように定義している。「生存する個人に関する情報であって，当該情報に含まれる氏名，生年月日その他の記述などによって特定の個人を識別できるもの(他の情報と容易に照合することができ，それによって特定の個人を識別することができることとなるものを含む。)，または個人識別符号が含まれるもの。」,"「個人情報保護法」は「生存する個人に関する情報で,当該情報に含まれる氏名,生年月日その他の記述などによって特定の個人を識別できるもの。",0
description,生存する個人に関する情報で、氏名・生年月日その他の記述などで特定の個人を識別できるもの。または個人識別符号が含まれるもの。,2003年に成立した「個人情報の保護に関する法律」(以下，「個人情報保護法」という)では，個人情報を以下のように定義している。「生存する個人に関する情報であって，当該情報に含まれる氏名，生年月日その他の記述などによって特定の個人を識別できるもの(他の情報と容易に照合することができ，それによって特定の個人を識別することができることとなるものを含む。)，または個人識別符号が含まれるもの。」,"「個人情報保護法」は「生存する個人に関する情報であって,当該情報に含まれる氏名,生年月日その他の記述などによって特定の個人を識別できるものをいう。",0
description,生存する個人に関する情報で、氏名・生年月日その他の記述などで特定の個人を識別できるもの。または個人識別符号が含まれるもの。,2003年に成立した「個人情報の保護に関する法律」(以下，「個人情報保護法」という)では，個人情報を以下のように定義している。「生存する個人に関する情報であって，当該情報に含まれる氏名，生年月日その他の記述などによって特定の個人を識別できるもの(他の情報と容易に照合することができ，それによって特定の個人を識別することができることとなるものを含む。)，または個人識別符号が含まれるもの。」,"「個人情報保護法」は「生存する個人に関する情報であって,当該情報に含まれる氏名,生年月日その他の記述によって特定の個人を識別できるものをいう。",0
description,生存する個人に関する情報で、氏名・生年月日その他の記述などで特定の個人を識別できるもの。または個人識別符号が含まれるもの。,2003年に成立した「個人情報の保護に関する法律」(以下，「個人情報保護法」という)では，個人情報を以下のように定義している。「生存する個人に関する情報であって，当該情報に含まれる氏名，生年月日その他の記述などによって特定の個人を識別できるもの(他の情報と容易に照合することができ，それによって特定の個人を識別することができることとなるものを含む。)，または個人識別符号が含まれるもの。」,"個人情報を次のように定義している。 「生存する個人に関する情報であって,当該情報に含まれる氏名,生年月日その他の記述によって特定の個人を識別できるもの。」",0
description,生存する個人に関する情報で、氏名・生年月日その他の記述などで特定の個人を識別できるもの。または個人識別符号が含まれるもの。,2003年に成立した「個人情報の保護に関する法律」(以下，「個人情報保護法」という)では，個人情報を以下のように定義している。「生存する個人に関する情報であって，当該情報に含まれる氏名，生年月日その他の記述などによって特定の個人を識別できるもの(他の情報と容易に照合することができ，それによって特定の個人を識別することができることとなるものを含む。)，または個人識別符号が含まれるもの。」,"個人情報を次のように定義している。 「生存する個人に関する情報であって,当該情報に含まれる氏名,生年月日その他の記述などによって特定の個人を識別できるもの。」",0
description,生存する個人に関する情報で、氏名・生年月日その他の記述などで特定の個人を識別できるもの。または個人識別符号が含まれるもの。,2003年に成立した「個人情報の保護に関する法律」(以下，「個人情報保護法」という)では，個人情報を以下のように定義している。「生存する個人に関する情報であって，当該情報に含まれる氏名，生年月日その他の記述などによって特定の個人を識別できるもの(他の情報と容易に照合することができ，それによって特定の個人を識別することができることとなるものを含む。)，または個人識別符号が含まれるもの。」,"個人情報を次のように定義している。 「生存する個人に関する情報で,当該情報に含まれる氏名,生年月日その他の記述によって特定の個人を識別できるもの」",0
description,生存する個人に関する情報で、氏名・生年月日その他の記述などで特定の個人を識別できるもの。または個人識別符号が含まれるもの。,2003年に成立した「個人情報の保護に関する法律」(以下，「個人情報保護法」という)では，個人情報を以下のように定義している。「生存する個人に関する情報であって，当該情報に含まれる氏名，生年月日その他の記述などによって特定の個人を識別できるもの(他の情報と容易に照合することができ，それによって特定の個人を識別することができることとなるものを含む。)，または個人識別符号が含まれるもの。」,"個人情報を次のように定義している。 「生存する個人に関する情報で,氏名・生年月日その他の記述によって特定の個人を識別できるもの」",0
word,プライバシーの権利,19世紀末に米国の法律家であるサミュエル・D・ウォーレンスとルイス・D・ブランダイスが，一人にしておいてもらう権利(私生活をみだりに他人の目にさらされない権利)として「プライバシーの権利」を主張した。,"サミュエル・d・ウォーレンスとルイス・d・ブランダイスは,一人にしておいてもらう権利として何を主張したか?",1
word,プライバシーの権利,19世紀末に米国の法律家であるサミュエル・D・ウォーレンスとルイス・D・ブランダイスが，一人にしておいてもらう権利(私生活をみだりに他人の目にさらされない権利)として「プライバシーの権利」を主張した。,"サミュエル・d・ウォーレンスとルイス・d・ブランダイスは,一人にしておいてもらう権利として何を主張したのか?",1
word,プライバシーの権利,19世紀末に米国の法律家であるサミュエル・D・ウォーレンスとルイス・D・ブランダイスが，一人にしておいてもらう権利(私生活をみだりに他人の目にさらされない権利)として「プライバシーの権利」を主張した。,"サミュエル・d・ウォーレンスとルイス・d・ブランダイスは,一人にしておいてもらう権利として何を主張したか",1
word,プライバシーの権利,19世紀末に米国の法律家であるサミュエル・D・ウォーレンスとルイス・D・ブランダイスが，一人にしておいてもらう権利(私生活をみだりに他人の目にさらされない権利)として「プライバシーの権利」を主張した。,サミュエル・d・ウォーレンスとルイス・d・ブランダイスはどのような権利を主張したか?,1
word,プライバシーの権利,19世紀末に米国の法律家であるサミュエル・D・ウォーレンスとルイス・D・ブランダイスが，一人にしておいてもらう権利(私生活をみだりに他人の目にさらされない権利)として「プライバシーの権利」を主張した。,"サミュエル・d・ウォーレンスとルイス・d・ブランダイスは,一人にしておいてもらう権利として何を主張したのだろうか",1
word,プライバシーの権利,19世紀末に米国の法律家であるサミュエル・D・ウォーレンスとルイス・D・ブランダイスが，一人にしておいてもらう権利(私生活をみだりに他人の目にさらされない権利)として「プライバシーの権利」を主張した。,サミュエル・d・ウォーレンスとルイス・d・ブランダイスは19世紀末に何を主張したか,1
word,プライバシーの権利,19世紀末に米国の法律家であるサミュエル・D・ウォーレンスとルイス・D・ブランダイスが，一人にしておいてもらう権利(私生活をみだりに他人の目にさらされない権利)として「プライバシーの権利」を主張した。,サミュエル・d・ウォーレンスとルイス・d・ブランダイスは、私生活をみだりに他人の目にさらされない権利として何を主張したか?,1
word,プライバシーの権利,19世紀末に米国の法律家であるサミュエル・D・ウォーレンスとルイス・D・ブランダイスが，一人にしておいてもらう権利(私生活をみだりに他人の目にさらされない権利)として「プライバシーの権利」を主張した。,サミュエル・d・ウォーレンスとルイス・d・ブランダイスは19世紀末に何を主張したか?,1
word,プライバシーの権利,19世紀末に米国の法律家であるサミュエル・D・ウォーレンスとルイス・D・ブランダイスが，一人にしておいてもらう権利(私生活をみだりに他人の目にさらされない権利)として「プライバシーの権利」を主張した。,サミュエル・d・ウォーレンスとルイス・d・ブランダイスは、一人にしておいてもらう権利として何を主張したのだろうか,1
word,プライバシーの権利,19世紀末に米国の法律家であるサミュエル・D・ウォーレンスとルイス・D・ブランダイスが，一人にしておいてもらう権利(私生活をみだりに他人の目にさらされない権利)として「プライバシーの権利」を主張した。,サミュエル・d・ウォーレンスとルイス・d・ブランダイスは、一人にしておいてもらう権利として何を主張したか?,1
tf,正しくない,特許権、実用新案権、意匠権、商標権を総称して産業財産権という。,次の文章は正しいか答えなさい。特許権、実用新案権、意匠権を総称して産業財産権という。,1
tf,正しくない,特許権、実用新案権、意匠権、商標権を総称して産業財産権という。,次の文章は正しいか答えなさい。特許権を総称して産業財産権という。,1
tf,正しくない,特許権、実用新案権、意匠権、商標権を総称して産業財産権という。,次の文章は正しいか答えよ。特許権、実用新案権、意匠権を総称して産業財産権という。,1
tf,正しくない,特許権、実用新案権、意匠権、商標権を総称して産業財産権という。,次の文章は正しいか答えなさい。商標権、実用新案権、意匠権を総称して産業財産権という。,1
tf,正しくない,特許権、実用新案権、意匠権、商標権を総称して産業財産権という。,次の文章は正しいですか?特許権、実用新案権、意匠権を総称して産業財産権という。,1
tf,正しくない,特許権、実用新案権、意匠権、商標権を総称して産業財産権という。,次の文章は正しいか答えなさい。特許権、実用新案権、意匠権を総称して産業財産権と呼ぶ。,1
tf,正しくない,特許権、実用新案権、意匠権、商標権を総称して産業財産権という。,次の文章は正しいか答えなさい。商標権を総称して産業財産権という。,1
tf,正しくない,特許権、実用新案権、意匠権、商標権を総称して産業財産権という。,「特許権、実用新案権、意匠権を総称して産業財産権という。」は正しいか答えなさい。,0
tf,正しくない,特許権、実用新案権、意匠権、商標権を総称して産業財産権という。,次の文章は正しいか答えなさい。特許権、実用新案権を総称して産業財産権という。,0
tf,正しくない,特許権、実用新案権、意匠権、商標権を総称して産業財産権という。,次の文章は正しいか答えなさい。特許権、実用新案権、意匠権を総称して産業財産権と言う。,0
tf,正しくない,知的財産権は、申請が必要な産業に関する産業財産権と、申請の必要がない文化や芸術に関する著作権に大きく分けられる。,次の文章は正しいか答えなさい。知的財産権は、申請の必要がない産業に関する産業財産権と、申請が必要な文化や芸術に関する著作権に大きく分けられる。,1
tf,正しくない,知的財産権は、申請が必要な産業に関する産業財産権と、申請の必要がない文化や芸術に関する著作権に大きく分けられる。,次の文章は正しいか答えなさい。知的財産権は、申請が必要な産業に関する産業財産権と、申請が必要な文化や芸術に関する著作権に大きく分けられる。,1
tf,正しくない,知的財産権は、申請が必要な産業に関する産業財産権と、申請の必要がない文化や芸術に関する著作権に大きく分けられる。,次の文章は正しいか答えなさい。知的財産権は、申請が必要な産業に関する産業財産権と、申請の必要がない文化や芸術に関する著作権に大きく分けられる。,0
tf,正しくない,知的財産権は、申請が必要な産業に関する産業財産権と、申請の必要がない文化や芸術に関する著作権に大きく分けられる。,次の文章は正しいか答えなさい。知的財産権は、申請が必要産業に関する産業財産権と、申請が必要な文化や芸術に関する著作権に大きく分けられる。,0
tf,正しくない,知的財産権は、申請が必要な産業に関する産業財産権と、申請の必要がない文化や芸術に関する著作権に大きく分けられる。,次の文章は正しいか答えなさい。知的財産権は、申請を必要とする産業に関する産業財産権と、申請が必要な文化や芸術に関する著作権に大きく分けられる。,1
tf,正しくない,知的財産権は、申請が必要な産業に関する産業財産権と、申請の必要がない文化や芸術に関する著作権に大きく分けられる。,次の文章は正しいか答えなさい。知的財産権は、申請が必要な産業に関する産業財産権と、申請が必要文化や芸術に関する著作権に大きく分けられる。,0
tf,正しくない,知的財産権は、申請が必要な産業に関する産業財産権と、申請の必要がない文化や芸術に関する著作権に大きく分けられる。,次の文章は正しいか答えなさい。知的財産権は、申請が必要な産業に関する産業財産権と、申請を必要とする文化や芸術に関する著作権に大きく分けられる。,1
tf,正しくない,知的財産権は、申請が必要な産業に関する産業財産権と、申請の必要がない文化や芸術に関する著作権に大きく分けられる。,次の文章は正しいか答えなさい。知的財産権は、申請を必要とし産業に関する産業財産権と、申請が必要な文化や芸術に関する著作権に大きく分けられる。,0
tf,正しくない,知的財産権は、申請が必要な産業に関する産業財産権と、申請の必要がない文化や芸術に関する著作権に大きく分けられる。,次の文章は正しいか答えなさい。知的財産権は、申請が必要な産業に関する産業財産権と、申請を必要とし文化や芸術に関する著作権に大きく分けられる。,0
tf,正しくない,知的財産権は、申請が必要な産業に関する産業財産権と、申請の必要がない文化や芸術に関する著作権に大きく分けられる。,次の文章は正しいか答えなさい。知的財産権は、申請の必要がない産業に関する産業財産権と、申請が必要な文化や芸術に関する著作権に大きく分けられている。,1
tf,正しい,授業での利用（著作権法第35条）では教育を担当する者、授業を受ける者は、授業の過程で利用するために、必要と認められる限度に置いて著作物を複製できる。ただし、著作権者の利益を不当に害することは違法になる。,次の文章は正しいか答えなさい。授業の過程で利用するために著作物を複製することは違法である。,0
tf,正しい,授業での利用（著作権法第35条）では教育を担当する者、授業を受ける者は、授業の過程で利用するために、必要と認められる限度に置いて著作物を複製できる。ただし、著作権者の利益を不当に害することは違法になる。,次の文章は正しいか答えなさい。授業での利用(著作権法第35条)では教育を担当する者、授業を受ける者は、授業の過程で利用するために著作物を複製することは違法である。,0
tf,正しい,授業での利用（著作権法第35条）では教育を担当する者、授業を受ける者は、授業の過程で利用するために、必要と認められる限度に置いて著作物を複製できる。ただし、著作権者の利益を不当に害することは違法になる。,次の文章は正しいか答えなさい。授業での利用では教育を担当する者、授業を受ける者は、授業の過程で利用するために著作物を複製することは違法である。,0
tf,正しい,授業での利用（著作権法第35条）では教育を担当する者、授業を受ける者は、授業の過程で利用するために、必要と認められる限度に置いて著作物を複製できる。ただし、著作権者の利益を不当に害することは違法になる。,次の文章は正しいか答えなさい。授業で利用するために著作物を複製することは違法である。,0
tf,正しい,授業での利用（著作権法第35条）では教育を担当する者、授業を受ける者は、授業の過程で利用するために、必要と認められる限度に置いて著作物を複製できる。ただし、著作権者の利益を不当に害することは違法になる。,次の文章は正しいか答えなさい。授業での利用(著作権法第35条)では教育を担当する者、授業を受ける者は、授業の過程で利用するために著作物を複製することが違法である。,0
tf,正しい,授業での利用（著作権法第35条）では教育を担当する者、授業を受ける者は、授業の過程で利用するために、必要と認められる限度に置いて著作物を複製できる。ただし、著作権者の利益を不当に害することは違法になる。,次の文章は正しいか答えなさい。授業での利用(著作権法第35条)では教育を担当する者は、授業の過程で利用するために著作物を複製することは違法である。,0
tf,正しい,授業での利用（著作権法第35条）では教育を担当する者、授業を受ける者は、授業の過程で利用するために、必要と認められる限度に置いて著作物を複製できる。ただし、著作権者の利益を不当に害することは違法になる。,次の文章は正しいか答えなさい。授業での利用(著作権法第35条)では、教育を担当する者、授業を受ける者は、授業の過程で利用するために著作物を複製することは違法である。,0
tf,正しい,授業での利用（著作権法第35条）では教育を担当する者、授業を受ける者は、授業の過程で利用するために、必要と認められる限度に置いて著作物を複製できる。ただし、著作権者の利益を不当に害することは違法になる。,次の文章は正しいか答えなさい。授業での利用では教育を担当する者は、授業の過程で利用するために著作物を複製することは違法である。,0
tf,正しい,授業での利用（著作権法第35条）では教育を担当する者、授業を受ける者は、授業の過程で利用するために、必要と認められる限度に置いて著作物を複製できる。ただし、著作権者の利益を不当に害することは違法になる。,次の文章は正しいか答えなさい。授業の過程で利用するために著作物を複製することは違法になる。,0
tf,正しい,授業での利用（著作権法第35条）では教育を担当する者、授業を受ける者は、授業の過程で利用するために、必要と認められる限度に置いて著作物を複製できる。ただし、著作権者の利益を不当に害することは違法になる。,次の文章は正しいか答えなさい。授業での利用では教育を担当する者、授業を受ける者は、授業の過程で利用するために著作物を複製することが違法である。,0
description,情報格差や健康への影響、いじめや犯罪に巻き込まれるといった問題がある,スマートフォンなど個人が所有する情報機器の普及はSNSの普及につながり，コミュニケーションの利便性の向上につながっていると考えられる反面，年齢や所得など，個人の技術や社会環境の差により格差(デジタルディバイド)が生じ，新しい情報を手に入れる機械や量が異なることがある．,"情報格差や健康への影響の他に,個人が所有する情報機器の普及はsnsの普及につながり,コミュニケーションの利便性の向上につながると考えられる.",0
description,情報格差や健康への影響、いじめや犯罪に巻き込まれるといった問題がある,スマートフォンなど個人が所有する情報機器の普及はSNSの普及につながり，コミュニケーションの利便性の向上につながっていると考えられる反面，年齢や所得など，個人の技術や社会環境の差により格差(デジタルディバイド)が生じ，新しい情報を手に入れる機械や量が異なることがある．,"情報格差や健康への影響の他に,個人が所有する情報機器の普及はsnsの普及につながり,コミュニケーションの利便性の向上につながると考えられる。",0
description,情報格差や健康への影響、いじめや犯罪に巻き込まれるといった問題がある,スマートフォンなど個人が所有する情報機器の普及はSNSの普及につながり，コミュニケーションの利便性の向上につながっていると考えられる反面，年齢や所得など，個人の技術や社会環境の差により格差(デジタルディバイド)が生じ，新しい情報を手に入れる機械や量が異なることがある．,"情報格差や健康への影響の他に,個人が所有する情報機器の普及はsnsの普及につながり,コミュニケーションの利便性の向上につながると考えられる反面,年齢や所得など,個人の技術や社会環境の差により格差が生じることがある.",0
description,情報格差や健康への影響、いじめや犯罪に巻き込まれるといった問題がある,スマートフォンなど個人が所有する情報機器の普及はSNSの普及につながり，コミュニケーションの利便性の向上につながっていると考えられる反面，年齢や所得など，個人の技術や社会環境の差により格差(デジタルディバイド)が生じ，新しい情報を手に入れる機械や量が異なることがある．,"情報格差や健康への影響の他に,個人が所有する情報機器の普及はsnsの普及につながり,コミュニケーションの利便性の向上につながると考えられる反面,年齢や所得など,個人の技術や社会環境の差により格差が生じることがある",0
description,情報格差や健康への影響、いじめや犯罪に巻き込まれるといった問題がある,スマートフォンなど個人が所有する情報機器の普及はSNSの普及につながり，コミュニケーションの利便性の向上につながっていると考えられる反面，年齢や所得など，個人の技術や社会環境の差により格差(デジタルディバイド)が生じ，新しい情報を手に入れる機械や量が異なることがある．,"情報格差や健康への影響の他に,個人が所有する情報機器の普及はsnsの普及につながり,コミュニケーションの利便性の向上につながると考えられる反面,年齢や所得など,個人の技術や社会環境の差によって格差が生じることがある.",0
description,情報格差や健康への影響、いじめや犯罪に巻き込まれるといった問題がある,スマートフォンなど個人が所有する情報機器の普及はSNSの普及につながり，コミュニケーションの利便性の向上につながっていると考えられる反面，年齢や所得など，個人の技術や社会環境の差により格差(デジタルディバイド)が生じ，新しい情報を手に入れる機械や量が異なることがある．,"情報格差や健康への影響の他に,個人が所有する情報機器の普及はsnsの普及につながり,コミュニケーションの利便性の向上につながると考えられる一方,年齢や所得など,個人の技術や社会環境の差により格差が生じることがある",0
description,情報格差や健康への影響、いじめや犯罪に巻き込まれるといった問題がある,スマートフォンなど個人が所有する情報機器の普及はSNSの普及につながり，コミュニケーションの利便性の向上につながっていると考えられる反面，年齢や所得など，個人の技術や社会環境の差により格差(デジタルディバイド)が生じ，新しい情報を手に入れる機械や量が異なることがある．,"情報格差や健康への影響の他に,個人が所有する情報機器の普及はsnsの普及につながり,コミュニケーションの利便性の向上につながると考えられる反面,年齢や所得など,個人の技術や社会環境の差によって格差が生じることがある",0
description,情報格差や健康への影響、いじめや犯罪に巻き込まれるといった問題がある,スマートフォンなど個人が所有する情報機器の普及はSNSの普及につながり，コミュニケーションの利便性の向上につながっていると考えられる反面，年齢や所得など，個人の技術や社会環境の差により格差(デジタルディバイド)が生じ，新しい情報を手に入れる機械や量が異なることがある．,"情報格差や健康への影響の他に,個人が所有する情報機器の普及はsnsの普及につながり,コミュニケーションの利便性の向上につながると考えられる一方,年齢や所得など,個人の技術や社会環境の差により格差が生じることがある.",0
description,情報格差や健康への影響、いじめや犯罪に巻き込まれるといった問題がある,スマートフォンなど個人が所有する情報機器の普及はSNSの普及につながり，コミュニケーションの利便性の向上につながっていると考えられる反面，年齢や所得など，個人の技術や社会環境の差により格差(デジタルディバイド)が生じ，新しい情報を手に入れる機械や量が異なることがある．,"情報格差や健康への影響の他に,個人が所有する情報機器の普及はsnsの普及につながり,コミュニケーションの利便性の向上につながると考えられるものは何か",0
description,情報格差や健康への影響、いじめや犯罪に巻き込まれるといった問題がある,スマートフォンなど個人が所有する情報機器の普及はSNSの普及につながり，コミュニケーションの利便性の向上につながっていると考えられる反面，年齢や所得など，個人の技術や社会環境の差により格差(デジタルディバイド)が生じ，新しい情報を手に入れる機械や量が異なることがある．,"情報格差や健康への影響の他に,個人が所有する情報機器の普及はsnsの普及につながり,コミュニケーションの利便性の向上につながると考えられる反面,年齢や所得など,個人の技術や社会環境の差により格差が生じている.",0
description,10代はSNSや動画投稿・共有サイト、友人とのチャットが情報源であり、60代は新聞やテレビを情報源としている,10代は情報源としてSNSや動画投稿・共有サイト，友人とのチャットが中心であるように読み取れる．60歳以上は，ネットの利用時間が短く,10代は情報源としてsnsや動画投稿・共有サイト、友人とのチャットが中心であるように見えますか?,0
description,10代はSNSや動画投稿・共有サイト、友人とのチャットが情報源であり、60代は新聞やテレビを情報源としている,10代は情報源としてSNSや動画投稿・共有サイト，友人とのチャットが中心であるように読み取れる．60歳以上は，ネットの利用時間が短く,10代は情報源としてsnsや動画投稿・共有サイトが中心であるように見えますか?,0
description,10代はSNSや動画投稿・共有サイト、友人とのチャットが情報源であり、60代は新聞やテレビを情報源としている,10代は情報源としてSNSや動画投稿・共有サイト，友人とのチャットが中心であるように読み取れる．60歳以上は，ネットの利用時間が短く,"10代は情報源としてsnsや動画投稿・共有サイト,友人とのチャットが中心であるように見えますか?",0
description,10代はSNSや動画投稿・共有サイト、友人とのチャットが情報源であり、60代は新聞やテレビを情報源としている,10代は情報源としてSNSや動画投稿・共有サイト，友人とのチャットが中心であるように読み取れる．60歳以上は，ネットの利用時間が短く,60代は情報源としてsnsや動画投稿・共有サイトが中心であるように見えますか?,0
description,10代はSNSや動画投稿・共有サイト、友人とのチャットが情報源であり、60代は新聞やテレビを情報源としている,10代は情報源としてSNSや動画投稿・共有サイト，友人とのチャットが中心であるように読み取れる．60歳以上は，ネットの利用時間が短く,10代は情報源としてsnsや動画投稿・共有サイト、友人とのチャットが中心であるように見えますか,0
description,10代はSNSや動画投稿・共有サイト、友人とのチャットが情報源であり、60代は新聞やテレビを情報源としている,10代は情報源としてSNSや動画投稿・共有サイト，友人とのチャットが中心であるように読み取れる．60歳以上は，ネットの利用時間が短く,60代は情報源としてsnsや動画投稿・共有サイト、友人とのチャットが中心であるように見えますか?,0
description,10代はSNSや動画投稿・共有サイト、友人とのチャットが情報源であり、60代は新聞やテレビを情報源としている,10代は情報源としてSNSや動画投稿・共有サイト，友人とのチャットが中心であるように読み取れる．60歳以上は，ネットの利用時間が短く,10代は情報源としてsnsや動画投稿・共有サイト、友人とのチャットが中心であるように読み取れる.,0
description,10代はSNSや動画投稿・共有サイト、友人とのチャットが情報源であり、60代は新聞やテレビを情報源としている,10代は情報源としてSNSや動画投稿・共有サイト，友人とのチャットが中心であるように読み取れる．60歳以上は，ネットの利用時間が短く,10代は情報源としてsnsや動画投稿・共有サイトが中心であるように見えますか,0
description,10代はSNSや動画投稿・共有サイト、友人とのチャットが情報源であり、60代は新聞やテレビを情報源としている,10代は情報源としてSNSや動画投稿・共有サイト，友人とのチャットが中心であるように読み取れる．60歳以上は，ネットの利用時間が短く,10代は情報源としてsnsや動画投稿・共有サイト、友人とのチャットが中心であるように読み取れる,0
description,10代はSNSや動画投稿・共有サイト、友人とのチャットが情報源であり、60代は新聞やテレビを情報源としている,10代は情報源としてSNSや動画投稿・共有サイト，友人とのチャットが中心であるように読み取れる．60歳以上は，ネットの利用時間が短く,60代は情報源としてsnsや動画投稿・共有サイト、友人とのチャットが中心である.,0
description,主な利用目的としてコミュニケーション、動画視聴、音楽試聴があげられる,特に，2018年に発表された内閣府による青少年のインターネット利用環境実態調査の結果によると，平均1日あたり，高校生の53.8%が3時間以上インターネットを利用しており，5時間以上利用している者も26.1%に上るという．利用目的として，上位からコミュニケーション，動画視聴，音楽視聴と報告されている．,2018年に発表された内閣府による青少年のインターネット利用環境実態調査の結果は?,1
description,主な利用目的としてコミュニケーション、動画視聴、音楽試聴があげられる,特に，2018年に発表された内閣府による青少年のインターネット利用環境実態調査の結果によると，平均1日あたり，高校生の53.8%が3時間以上インターネットを利用しており，5時間以上利用している者も26.1%に上るという．利用目的として，上位からコミュニケーション，動画視聴，音楽視聴と報告されている．,"2018年に発表された内閣府による青少年のインターネット利用環境実態調査の結果によると,何が報告されていますか?",1
description,主な利用目的としてコミュニケーション、動画視聴、音楽試聴があげられる,特に，2018年に発表された内閣府による青少年のインターネット利用環境実態調査の結果によると，平均1日あたり，高校生の53.8%が3時間以上インターネットを利用しており，5時間以上利用している者も26.1%に上るという．利用目的として，上位からコミュニケーション，動画視聴，音楽視聴と報告されている．,2018年に発表された内閣府による青少年のインターネット利用環境実態調査の結果によると,0
description,主な利用目的としてコミュニケーション、動画視聴、音楽試聴があげられる,特に，2018年に発表された内閣府による青少年のインターネット利用環境実態調査の結果によると，平均1日あたり，高校生の53.8%が3時間以上インターネットを利用しており，5時間以上利用している者も26.1%に上るという．利用目的として，上位からコミュニケーション，動画視聴，音楽視聴と報告されている．,2018年に発表された内閣府による青少年のインターネット利用環境実態調査の結果によると.,0
description,主な利用目的としてコミュニケーション、動画視聴、音楽試聴があげられる,特に，2018年に発表された内閣府による青少年のインターネット利用環境実態調査の結果によると，平均1日あたり，高校生の53.8%が3時間以上インターネットを利用しており，5時間以上利用している者も26.1%に上るという．利用目的として，上位からコミュニケーション，動画視聴，音楽視聴と報告されている．,2018年に発表された内閣府による青少年のインターネット利用環境実態調査の結果によると?,0
description,主な利用目的としてコミュニケーション、動画視聴、音楽試聴があげられる,特に，2018年に発表された内閣府による青少年のインターネット利用環境実態調査の結果によると，平均1日あたり，高校生の53.8%が3時間以上インターネットを利用しており，5時間以上利用している者も26.1%に上るという．利用目的として，上位からコミュニケーション，動画視聴，音楽視聴と報告されている．,"2018年に発表された内閣府による青少年のインターネット利用環境実態調査の結果によると,3時間以上インターネットを利用している高校生の割合はどのくらい高いか",0
description,主な利用目的としてコミュニケーション、動画視聴、音楽試聴があげられる,特に，2018年に発表された内閣府による青少年のインターネット利用環境実態調査の結果によると，平均1日あたり，高校生の53.8%が3時間以上インターネットを利用しており，5時間以上利用している者も26.1%に上るという．利用目的として，上位からコミュニケーション，動画視聴，音楽視聴と報告されている．,"2018年に発表された内閣府による青少年のインターネット利用環境実態調査の結果によると,次のようになるか?",0
description,主な利用目的としてコミュニケーション、動画視聴、音楽試聴があげられる,特に，2018年に発表された内閣府による青少年のインターネット利用環境実態調査の結果によると，平均1日あたり，高校生の53.8%が3時間以上インターネットを利用しており，5時間以上利用している者も26.1%に上るという．利用目的として，上位からコミュニケーション，動画視聴，音楽視聴と報告されている．,2018年に発表された内閣府による青少年のインターネット利用環境実態調査の結果は,0
description,主な利用目的としてコミュニケーション、動画視聴、音楽試聴があげられる,特に，2018年に発表された内閣府による青少年のインターネット利用環境実態調査の結果によると，平均1日あたり，高校生の53.8%が3時間以上インターネットを利用しており，5時間以上利用している者も26.1%に上るという．利用目的として，上位からコミュニケーション，動画視聴，音楽視聴と報告されている．,"2018年に発表された内閣府による青少年のインターネット利用環境実態調査の結果によると,3時間以上インターネットを利用している高校生の割合は2.2%であった.",0
description,主な利用目的としてコミュニケーション、動画視聴、音楽試聴があげられる,特に，2018年に発表された内閣府による青少年のインターネット利用環境実態調査の結果によると，平均1日あたり，高校生の53.8%が3時間以上インターネットを利用しており，5時間以上利用している者も26.1%に上るという．利用目的として，上位からコミュニケーション，動画視聴，音楽視聴と報告されている．,"2018年に発表された内閣府による青少年のインターネット利用環境実態調査の結果によると,3時間以上インターネットを利用している高校生の割合は2.2%であった。",0
description,目が疲れたり肩こりが生じたりする身体的な症状と、情報機器に過度に依存してしまう不安症などが挙げられる,情報機器の普及は，これらを利用して仕事している人に対して，目が疲れたり肩こりが生じたりという身体的な症状や，また，過度に情報機器に依存してしまう不安症などという健康被害(テクノストレス)を生じさせることもある．,"情報機器の普及は,これらを利用して仕事している人に対してどのような健康被害を生じさせるか?",1
description,目が疲れたり肩こりが生じたりする身体的な症状と、情報機器に過度に依存してしまう不安症などが挙げられる,情報機器の普及は，これらを利用して仕事している人に対して，目が疲れたり肩こりが生じたりという身体的な症状や，また，過度に情報機器に依存してしまう不安症などという健康被害(テクノストレス)を生じさせることもある．,"情報機器の普及は,これらを利用して仕事している人に対してどのような健康被害を生じさせるか",1
description,目が疲れたり肩こりが生じたりする身体的な症状と、情報機器に過度に依存してしまう不安症などが挙げられる,情報機器の普及は，これらを利用して仕事している人に対して，目が疲れたり肩こりが生じたりという身体的な症状や，また，過度に情報機器に依存してしまう不安症などという健康被害(テクノストレス)を生じさせることもある．,"情報機器の普及は,これらのを利用して仕事している人に対してどのような健康被害を生じさせるか?",1
description,目が疲れたり肩こりが生じたりする身体的な症状と、情報機器に過度に依存してしまう不安症などが挙げられる,情報機器の普及は，これらを利用して仕事している人に対して，目が疲れたり肩こりが生じたりという身体的な症状や，また，過度に情報機器に依存してしまう不安症などという健康被害(テクノストレス)を生じさせることもある．,"情報機器の普及は,これらのを利用して仕事している人に対してどのような健康被害を生じさせるか",1
description,目が疲れたり肩こりが生じたりする身体的な症状と、情報機器に過度に依存してしまう不安症などが挙げられる,情報機器の普及は，これらを利用して仕事している人に対して，目が疲れたり肩こりが生じたりという身体的な症状や，また，過度に情報機器に依存してしまう不安症などという健康被害(テクノストレス)を生じさせることもある．,"情報機器の普及は,これらの利用を利用して仕事している人に対してどのような健康被害を生じさせるか?",0
description,目が疲れたり肩こりが生じたりする身体的な症状と、情報機器に過度に依存してしまう不安症などが挙げられる,情報機器の普及は，これらを利用して仕事している人に対して，目が疲れたり肩こりが生じたりという身体的な症状や，また，過度に情報機器に依存してしまう不安症などという健康被害(テクノストレス)を生じさせることもある．,"情報機器の普及は,それらを利用して仕事している人に対してどのような健康被害を生じさせるか?",1
description,目が疲れたり肩こりが生じたりする身体的な症状と、情報機器に過度に依存してしまう不安症などが挙げられる,情報機器の普及は，これらを利用して仕事している人に対して，目が疲れたり肩こりが生じたりという身体的な症状や，また，過度に情報機器に依存してしまう不安症などという健康被害(テクノストレス)を生じさせることもある．,"情報機器の普及は,これらの利用を利用して仕事している人に対してどのような健康被害を生じさせるか",0
description,目が疲れたり肩こりが生じたりする身体的な症状と、情報機器に過度に依存してしまう不安症などが挙げられる,情報機器の普及は，これらを利用して仕事している人に対して，目が疲れたり肩こりが生じたりという身体的な症状や，また，過度に情報機器に依存してしまう不安症などという健康被害(テクノストレス)を生じさせることもある．,"情報機器の普及は,これを利用して仕事している人に対してどのような健康被害を生じさせるか?",1
description,目が疲れたり肩こりが生じたりする身体的な症状と、情報機器に過度に依存してしまう不安症などが挙げられる,情報機器の普及は，これらを利用して仕事している人に対して，目が疲れたり肩こりが生じたりという身体的な症状や，また，過度に情報機器に依存してしまう不安症などという健康被害(テクノストレス)を生じさせることもある．,"情報機器の普及は,それらを利用して仕事している人に対してどのような健康被害を生じさせるか",1
description,目が疲れたり肩こりが生じたりする身体的な症状と、情報機器に過度に依存してしまう不安症などが挙げられる,情報機器の普及は，これらを利用して仕事している人に対して，目が疲れたり肩こりが生じたりという身体的な症状や，また，過度に情報機器に依存してしまう不安症などという健康被害(テクノストレス)を生じさせることもある．,"情報機器の普及は,これらを利用して仕事している人に対して,どのような健康被害を生じさせるか?",1
description,"問題解決の考え方を適応し、問題点を明確に、具体的な理想を明らかにして分析を進め、情報や情報技術を活用しながら知恵や思考力をもって影の面をなくす ",光の面は十分に享受するとともに，問題解決の考え方を利用し，問題点を明確にし，具体的な理想を明らかにして分析を進めるとともに，情報や情報技術を効果的に利用しながら，知恵や思考力をもって生徒自身の力で影の面を無くしていく方向に促すことは重要である．,"光の面は十分に享受するとともに,何が重要であるか?",
description,"問題解決の考え方を適応し、問題点を明確に、具体的な理想を明らかにして分析を進め、情報や情報技術を活用しながら知恵や思考力をもって影の面をなくす ",光の面は十分に享受するとともに，問題解決の考え方を利用し，問題点を明確にし，具体的な理想を明らかにして分析を進めるとともに，情報や情報技術を効果的に利用しながら，知恵や思考力をもって生徒自身の力で影の面を無くしていく方向に促すことは重要である．,"光の面は十分に享受するとともに,何が重要であるか",
description,"問題解決の考え方を適応し、問題点を明確に、具体的な理想を明らかにして分析を進め、情報や情報技術を活用しながら知恵や思考力をもって影の面をなくす ",光の面は十分に享受するとともに，問題解決の考え方を利用し，問題点を明確にし，具体的な理想を明らかにして分析を進めるとともに，情報や情報技術を効果的に利用しながら，知恵や思考力をもって生徒自身の力で影の面を無くしていく方向に促すことは重要である．,"光の面は十分に享受するとともに,問題解決の考え方を適応し,具体的な理想を明らかにして分析を進める方向に促すことは重要である.",
description,"問題解決の考え方を適応し、問題点を明確に、具体的な理想を明らかにして分析を進め、情報や情報技術を活用しながら知恵や思考力をもって影の面をなくす ",光の面は十分に享受するとともに，問題解決の考え方を利用し，問題点を明確にし，具体的な理想を明らかにして分析を進めるとともに，情報や情報技術を効果的に利用しながら，知恵や思考力をもって生徒自身の力で影の面を無くしていく方向に促すことは重要である．,"光の面は十分に享受するとともに,問題解決の考え方を適応し,具体的な理想を明らかにし、情報や情報技術を活用しながら知恵や思考力をもって生徒自身の力で影の面を無くしていく方向に促すことは重要である.",
description,"問題解決の考え方を適応し、問題点を明確に、具体的な理想を明らかにして分析を進め、情報や情報技術を活用しながら知恵や思考力をもって影の面をなくす ",光の面は十分に享受するとともに，問題解決の考え方を利用し，問題点を明確にし，具体的な理想を明らかにして分析を進めるとともに，情報や情報技術を効果的に利用しながら，知恵や思考力をもって生徒自身の力で影の面を無くしていく方向に促すことは重要である．,"光の面は十分に享受するとともに,どのような方向に促すことが重要である.",
description,"問題解決の考え方を適応し、問題点を明確に、具体的な理想を明らかにして分析を進め、情報や情報技術を活用しながら知恵や思考力をもって影の面をなくす ",光の面は十分に享受するとともに，問題解決の考え方を利用し，問題点を明確にし，具体的な理想を明らかにして分析を進めるとともに，情報や情報技術を効果的に利用しながら，知恵や思考力をもって生徒自身の力で影の面を無くしていく方向に促すことは重要である．,"光の面は十分に享受するとともに,問題解決の考え方を適応し,具体的な理想を明らかにし,情報や情報技術を活用しながら知恵や思考力をもって生徒自身の力で影の面を無くしていく方向に促すことは重要である.",
description,"問題解決の考え方を適応し、問題点を明確に、具体的な理想を明らかにして分析を進め、情報や情報技術を活用しながら知恵や思考力をもって影の面をなくす ",光の面は十分に享受するとともに，問題解決の考え方を利用し，問題点を明確にし，具体的な理想を明らかにして分析を進めるとともに，情報や情報技術を効果的に利用しながら，知恵や思考力をもって生徒自身の力で影の面を無くしていく方向に促すことは重要である．,"光の面は十分に享受するとともに,問題解決の考え方を適応し,具体的な理想を明らかにし、情報や情報技術を活用しながら知恵や思考力をもって生徒自身の力で影の面をなくしていく方向に促すことは重要である.",
description,"問題解決の考え方を適応し、問題点を明確に、具体的な理想を明らかにして分析を進め、情報や情報技術を活用しながら知恵や思考力をもって影の面をなくす ",光の面は十分に享受するとともに，問題解決の考え方を利用し，問題点を明確にし，具体的な理想を明らかにして分析を進めるとともに，情報や情報技術を効果的に利用しながら，知恵や思考力をもって生徒自身の力で影の面を無くしていく方向に促すことは重要である．,"光の面は十分に享受するとともに,問題は解決の考え方を適応し,具体的な理想を明らかにして分析を進める方向に促すことは重要である.",
description,"問題解決の考え方を適応し、問題点を明確に、具体的な理想を明らかにして分析を進め、情報や情報技術を活用しながら知恵や思考力をもって影の面をなくす ",光の面は十分に享受するとともに，問題解決の考え方を利用し，問題点を明確にし，具体的な理想を明らかにして分析を進めるとともに，情報や情報技術を効果的に利用しながら，知恵や思考力をもって生徒自身の力で影の面を無くしていく方向に促すことは重要である．,"光の面は十分に享受するとともに,問題解決の考え方を適応し,具体的な理想を明らかにし、情報や情報技術を活用しながら知恵や思考力をもって生徒自身の力で影の面を無くす方向に促すことは重要である.",
description,"問題解決の考え方を適応し、問題点を明確に、具体的な理想を明らかにして分析を進め、情報や情報技術を活用しながら知恵や思考力をもって影の面をなくす ",光の面は十分に享受するとともに，問題解決の考え方を利用し，問題点を明確にし，具体的な理想を明らかにして分析を進めるとともに，情報や情報技術を効果的に利用しながら，知恵や思考力をもって生徒自身の力で影の面を無くしていく方向に促すことは重要である．,"光の面は十分に享受するとともに,問題解決の考え方を適応し,具体的な理想を明らかにし、情報や情報技術を活用しながら知恵や思考力をもって影の面を無くしていく方向に促すことは重要である.",
tf,正しい,情報技術の発展が社会へのコミュニケーションの利便性を高め人の生活を豊かにさせる反面、情報格差、健康への影響、いじめや犯罪に巻き込まれるなどの負の側面も生じている。,次の文章は正しいか答えなさい。情報技術の発展が社会へのコミュニケーションの利便性を高め人の生活を豊かにさせる反面、情報格差、健康への影響、いじめや犯罪に巻き込まれるなどの負の側面も生じている。,1
tf,正しい,情報技術の発展が社会へのコミュニケーションの利便性を高め人の生活を豊かにさせる反面、情報格差、健康への影響、いじめや犯罪に巻き込まれるなどの負の側面も生じている。,次の文章は正しいか答えなさい。情報技術の発展が社会のコミュニケーションの利便性を高め人の生活を豊かにさせる反面、情報格差、健康への影響、いじめや犯罪に巻き込まれるなどの負の側面も生じている。,1
tf,正しい,情報技術の発展が社会へのコミュニケーションの利便性を高め人の生活を豊かにさせる反面、情報格差、健康への影響、いじめや犯罪に巻き込まれるなどの負の側面も生じている。,次の文章は正しいか答えなさい。情報技術の発展が社会へのコミュニケーションの利便性を高め人の生活を豊かにさせる一方、情報格差、健康への影響、いじめや犯罪に巻き込まれるなどの負の側面も生じている。,1
tf,正しい,情報技術の発展が社会へのコミュニケーションの利便性を高め人の生活を豊かにさせる反面、情報格差、健康への影響、いじめや犯罪に巻き込まれるなどの負の側面も生じている。,次の文章は正しいか答えなさい。情報技術の発展が社会へのコミュニケーションの利便性を高め人の生活豊かにさせる反面、情報格差、健康への影響、いじめや犯罪に巻き込まれるなどの負の側面も生じている。,1
tf,正しい,情報技術の発展が社会へのコミュニケーションの利便性を高め人の生活を豊かにさせる反面、情報格差、健康への影響、いじめや犯罪に巻き込まれるなどの負の側面も生じている。,次の文章は正しいか答えよ。情報技術の発展が社会へのコミュニケーションの利便性を高め人の生活を豊かにさせる反面、情報格差、健康への影響、いじめや犯罪に巻き込まれるなどの負の側面も生じている。,1
tf,正しい,情報技術の発展が社会へのコミュニケーションの利便性を高め人の生活を豊かにさせる反面、情報格差、健康への影響、いじめや犯罪に巻き込まれるなどの負の側面も生じている。,次の文章は正しいか答えなさい。情報技術の発展が社会へのコミュニケーションの利便性を高め人の生活を豊かにさせる反面、情報格差、健康への影響、いじめや犯罪に巻き込まれるなどの負の要素も生じている。,1
tf,正しい,情報技術の発展が社会へのコミュニケーションの利便性を高め人の生活を豊かにさせる反面、情報格差、健康への影響、いじめや犯罪に巻き込まれるなどの負の側面も生じている。,次の文章は正しいか答えなさい。情報技術の発展が社会のコミュニケーションの利便性を高め人の生活を豊かにさせる一方、情報格差、健康への影響、いじめや犯罪に巻き込まれるなどの負の側面も生じている。,1
tf,正しい,情報技術の発展が社会へのコミュニケーションの利便性を高め人の生活を豊かにさせる反面、情報格差、健康への影響、いじめや犯罪に巻き込まれるなどの負の側面も生じている。,次の文章は正しいか答えなさい。情報技術の発展が社会へのコミュニケーションの利便性を高め人の生活を豊かにさせる反面、情報格差、健康への影響、いじめや犯罪に巻き込まれるなどの負の側面も生じている,1
tf,正しい,情報技術の発展が社会へのコミュニケーションの利便性を高め人の生活を豊かにさせる反面、情報格差、健康への影響、いじめや犯罪に巻き込まれるなどの負の側面も生じている。,次の文章は正しいか答えなさい。情報技術の発展が社会へのコミュニケーションの利便性を高め人の生活を豊かにさせる反面、情報格差、健康への影響、いじめや犯罪に巻き込まれるなどの負の側面も生じる。,1
tf,正しい,情報技術の発展が社会へのコミュニケーションの利便性を高め人の生活を豊かにさせる反面、情報格差、健康への影響、いじめや犯罪に巻き込まれるなどの負の側面も生じている。,次の文章は正しいか答えなさい。情報技術の発展が社会のコミュニケーションの利便性を高め人の生活を豊かにさせる反面、情報格差、健康への影響、いじめや犯罪に巻き込まれるなどの負の要素も生じている。,1
tf,正しくない,情報機器の普及は、これらを利用して仕事をしている人に対して、目が疲れたり肩こりが生じたりという身体的な症状や、また、過度に情報機器に依存してしまう不安症などという健康被害（テクノストレス）を生じさせることもある。,次の文章は正しいか答えなさい。情報機器の普及は、これらを利用して仕事をしている人に対して、目が疲れたり肩こりが生じたりという身体的な症状を生じさせる。,0
tf,正しくない,情報機器の普及は、これらを利用して仕事をしている人に対して、目が疲れたり肩こりが生じたりという身体的な症状や、また、過度に情報機器に依存してしまう不安症などという健康被害（テクノストレス）を生じさせることもある。,次の文章は正しいか答えなさい。情報機器の普及は、これらの利用を利用して仕事をしている人に対して、目が疲れたり肩こりが生じたりという身体的な症状を生じさせる。,0
tf,正しくない,情報機器の普及は、これらを利用して仕事をしている人に対して、目が疲れたり肩こりが生じたりという身体的な症状や、また、過度に情報機器に依存してしまう不安症などという健康被害（テクノストレス）を生じさせることもある。,次の文章は正しいか答えなさい。情報機器の普及はそれらを利用して仕事をしている人に対して、目が疲れたり肩こりが生じたりという身体的な症状を生じさせる。,0
tf,正しくない,情報機器の普及は、これらを利用して仕事をしている人に対して、目が疲れたり肩こりが生じたりという身体的な症状や、また、過度に情報機器に依存してしまう不安症などという健康被害（テクノストレス）を生じさせることもある。,次の文章は正しいか答えなさい。情報機器の普及は、それらを利用して仕事をしている人に対して、目が疲れたり肩こりが生じたりという身体的な症状を生じさせる。,0
tf,正しくない,情報機器の普及は、これらを利用して仕事をしている人に対して、目が疲れたり肩こりが生じたりという身体的な症状や、また、過度に情報機器に依存してしまう不安症などという健康被害（テクノストレス）を生じさせることもある。,次の文章は正しいか答えなさい。情報機器の普及はこれらを利用して仕事をしている人に対して、目が疲れたり肩こりが生じたりという身体的な症状を生じさせる。,0
tf,正しくない,情報機器の普及は、これらを利用して仕事をしている人に対して、目が疲れたり肩こりが生じたりという身体的な症状や、また、過度に情報機器に依存してしまう不安症などという健康被害（テクノストレス）を生じさせることもある。,次の文章は正しいか答えなさい。情報機器の普及はこれらの利用を利用して仕事をしている人に対して、目が疲れたり肩こりが生じたりという身体的な症状を生じさせる。,0
tf,正しくない,情報機器の普及は、これらを利用して仕事をしている人に対して、目が疲れたり肩こりが生じたりという身体的な症状や、また、過度に情報機器に依存してしまう不安症などという健康被害（テクノストレス）を生じさせることもある。,次の文章は正しいか答えなさい。情報機器の普及は、これらのを利用して仕事をしている人に対して、目が疲れたり肩こりが生じたりという身体的な症状を生じさせる。,0
tf,正しくない,情報機器の普及は、これらを利用して仕事をしている人に対して、目が疲れたり肩こりが生じたりという身体的な症状や、また、過度に情報機器に依存してしまう不安症などという健康被害（テクノストレス）を生じさせることもある。,次の文章は正しいか答えなさい。情報機器の普及は、これを利用して仕事をしている人に対して、目が疲れたり肩こりが生じたりという身体的な症状を生じさせる。,0
tf,正しくない,情報機器の普及は、これらを利用して仕事をしている人に対して、目が疲れたり肩こりが生じたりという身体的な症状や、また、過度に情報機器に依存してしまう不安症などという健康被害（テクノストレス）を生じさせることもある。,次の文章は正しいか答えなさい。情報機器の普及は、これらの利用を利用する人に対して、目が疲れたり肩こりが生じたりという身体的な症状を生じさせる。,0
tf,正しくない,情報機器の普及は、これらを利用して仕事をしている人に対して、目が疲れたり肩こりが生じたりという身体的な症状や、また、過度に情報機器に依存してしまう不安症などという健康被害（テクノストレス）を生じさせることもある。,次の文章は正しいか答えなさい。情報機器の普及は、これらを利用して仕事をしている人に対して、目が疲れたり肩こりが生じたりという身体的な症状を生じさせます。,0
tf,正しい,スマートフォンなど個人が所有する情報機器の普及はコミュニケーションの利便性の向上につながっている反面、年齢や所得など、個人の技術や社会環境の差により格差（デジタルデバイド）を生じ、新しい情報を手に入れる機会や量が異なることがある。,次の文章は正しいか答えなさい。スマートフォンなど個人が所有する情報機器の普及はコミュニケーションの利便性の向上につながる。,1
tf,正しい,スマートフォンなど個人が所有する情報機器の普及はコミュニケーションの利便性の向上につながっている反面、年齢や所得など、個人の技術や社会環境の差により格差（デジタルデバイド）を生じ、新しい情報を手に入れる機会や量が異なることがある。,次の文章は正しいか答えなさい。スマートフォンや個人が所有する情報機器の普及はコミュニケーションの利便性の向上につながる。,1
tf,正しい,スマートフォンなど個人が所有する情報機器の普及はコミュニケーションの利便性の向上につながっている反面、年齢や所得など、個人の技術や社会環境の差により格差（デジタルデバイド）を生じ、新しい情報を手に入れる機会や量が異なることがある。,次の文章は正しいか答えなさい。スマートフォンなど個人が所有する情報機器の普及はコミュニケーションの利便性の向上につながっている。,1
tf,正しい,スマートフォンなど個人が所有する情報機器の普及はコミュニケーションの利便性の向上につながっている反面、年齢や所得など、個人の技術や社会環境の差により格差（デジタルデバイド）を生じ、新しい情報を手に入れる機会や量が異なることがある。,次の文章は正しいか答えなさい。スマートフォンのような個人が所有する情報機器の普及はコミュニケーションの利便性の向上につながる。,1
tf,正しい,スマートフォンなど個人が所有する情報機器の普及はコミュニケーションの利便性の向上につながっている反面、年齢や所得など、個人の技術や社会環境の差により格差（デジタルデバイド）を生じ、新しい情報を手に入れる機会や量が異なることがある。,次の文章は正しいか答えなさい。スマートフォンなどの個人が所有する情報機器の普及はコミュニケーションの利便性の向上につながる。,1
tf,正しい,スマートフォンなど個人が所有する情報機器の普及はコミュニケーションの利便性の向上につながっている反面、年齢や所得など、個人の技術や社会環境の差により格差（デジタルデバイド）を生じ、新しい情報を手に入れる機会や量が異なることがある。,次の文章は正しいか答えなさい。スマートフォンなど個人が所有する情報機器の普及はコミュニケーションの利便性向上につながる。,1
tf,正しい,スマートフォンなど個人が所有する情報機器の普及はコミュニケーションの利便性の向上につながっている反面、年齢や所得など、個人の技術や社会環境の差により格差（デジタルデバイド）を生じ、新しい情報を手に入れる機会や量が異なることがある。,次の文章は正しいか答えなさい。スマートフォンに代表される個人が所有する情報機器の普及はコミュニケーションの利便性の向上につながる。,0
tf,正しい,スマートフォンなど個人が所有する情報機器の普及はコミュニケーションの利便性の向上につながっている反面、年齢や所得など、個人の技術や社会環境の差により格差（デジタルデバイド）を生じ、新しい情報を手に入れる機会や量が異なることがある。,次の文章は正しいですか?スマートフォンなど個人が所有する情報機器の普及はコミュニケーションの利便性の向上につながる。,1
tf,正しい,スマートフォンなど個人が所有する情報機器の普及はコミュニケーションの利便性の向上につながっている反面、年齢や所得など、個人の技術や社会環境の差により格差（デジタルデバイド）を生じ、新しい情報を手に入れる機会や量が異なることがある。,次の文章は正しいか答えなさい。スマートフォンなど個人が所有する情報機器の普及はコミュニケーションの利便性の向上につながった。,1
tf,正しい,スマートフォンなど個人が所有する情報機器の普及はコミュニケーションの利便性の向上につながっている反面、年齢や所得など、個人の技術や社会環境の差により格差（デジタルデバイド）を生じ、新しい情報を手に入れる機会や量が異なることがある。,次の文章は正しいか答えなさい。スマートフォンなど個人が所有する情報機器の普及はコミュニケーションの利便性向上につながっている。,1
word,Felica,現在の IC カードは非接触型 IC カードの技術方式を用いた Felica を利用する方式が普及している。Felica は IC 乗車券や電子マネーの他，学生証や社員証といった ID カード，マンションの電子キーの他，健康機器や家電製品にも搭載が進んでいる。携帯電話，スマートフォンの機能にあるおサイフケータイはこの FeliCa を利用している。,ic 乗車券や電子マネーにはどのような技術が用いられているか?,1
word,Felica,現在の IC カードは非接触型 IC カードの技術方式を用いた Felica を利用する方式が普及している。Felica は IC 乗車券や電子マネーの他，学生証や社員証といった ID カード，マンションの電子キーの他，健康機器や家電製品にも搭載が進んでいる。携帯電話，スマートフォンの機能にあるおサイフケータイはこの FeliCa を利用している。,ic 乗車券や電子マネーにはどのような技術が利用されていますか?,1
word,Felica,現在の IC カードは非接触型 IC カードの技術方式を用いた Felica を利用する方式が普及している。Felica は IC 乗車券や電子マネーの他，学生証や社員証といった ID カード，マンションの電子キーの他，健康機器や家電製品にも搭載が進んでいる。携帯電話，スマートフォンの機能にあるおサイフケータイはこの FeliCa を利用している。,ic 乗車券や電子マネーには何が利用されていますか?,0
word,Felica,現在の IC カードは非接触型 IC カードの技術方式を用いた Felica を利用する方式が普及している。Felica は IC 乗車券や電子マネーの他，学生証や社員証といった ID カード，マンションの電子キーの他，健康機器や家電製品にも搭載が進んでいる。携帯電話，スマートフォンの機能にあるおサイフケータイはこの FeliCa を利用している。,ic 乗車券や電子マネーにはどのような技術が使われていますか?,1
word,Felica,現在の IC カードは非接触型 IC カードの技術方式を用いた Felica を利用する方式が普及している。Felica は IC 乗車券や電子マネーの他，学生証や社員証といった ID カード，マンションの電子キーの他，健康機器や家電製品にも搭載が進んでいる。携帯電話，スマートフォンの機能にあるおサイフケータイはこの FeliCa を利用している。,ic 乗車券や電子マネーにはどのような技術が使われているか?,1
word,Felica,現在の IC カードは非接触型 IC カードの技術方式を用いた Felica を利用する方式が普及している。Felica は IC 乗車券や電子マネーの他，学生証や社員証といった ID カード，マンションの電子キーの他，健康機器や家電製品にも搭載が進んでいる。携帯電話，スマートフォンの機能にあるおサイフケータイはこの FeliCa を利用している。,ic 乗車券や電子マネーにはどのような技術が用いられているか,1
word,Felica,現在の IC カードは非接触型 IC カードの技術方式を用いた Felica を利用する方式が普及している。Felica は IC 乗車券や電子マネーの他，学生証や社員証といった ID カード，マンションの電子キーの他，健康機器や家電製品にも搭載が進んでいる。携帯電話，スマートフォンの機能にあるおサイフケータイはこの FeliCa を利用している。,ic 乗車券や電子マネーにはどのような技術が使われているのですか?,1
word,Felica,現在の IC カードは非接触型 IC カードの技術方式を用いた Felica を利用する方式が普及している。Felica は IC 乗車券や電子マネーの他，学生証や社員証といった ID カード，マンションの電子キーの他，健康機器や家電製品にも搭載が進んでいる。携帯電話，スマートフォンの機能にあるおサイフケータイはこの FeliCa を利用している。,ic 乗車券や電子マネーにはどのような技術が使われているのだろうか,1
word,Felica,現在の IC カードは非接触型 IC カードの技術方式を用いた Felica を利用する方式が普及している。Felica は IC 乗車券や電子マネーの他，学生証や社員証といった ID カード，マンションの電子キーの他，健康機器や家電製品にも搭載が進んでいる。携帯電話，スマートフォンの機能にあるおサイフケータイはこの FeliCa を利用している。,ic 乗車券や電子マネーにはどのような利用方法が普及しているか?,0
word,Felica,現在の IC カードは非接触型 IC カードの技術方式を用いた Felica を利用する方式が普及している。Felica は IC 乗車券や電子マネーの他，学生証や社員証といった ID カード，マンションの電子キーの他，健康機器や家電製品にも搭載が進んでいる。携帯電話，スマートフォンの機能にあるおサイフケータイはこの FeliCa を利用している。,ic 乗車券や電子マネーにはどのような技術が使用されているか?,1
description,電子マネーとは電子的なやり取りにより、現金の代わりに決済ができるサービスのことを指す,電子マネーとは，電子的なデータのやりとりにより，現金の代わりに決済できるサービスをさす場合が多い．,電子マネーとはどういう意味ですか?,0
description,電子マネーとは電子的なやり取りにより、現金の代わりに決済ができるサービスのことを指す,電子マネーとは，電子的なデータのやりとりにより，現金の代わりに決済できるサービスをさす場合が多い．,電子マネーとはどういう意味ですか,0
description,電子マネーとは電子的なやり取りにより、現金の代わりに決済ができるサービスのことを指す,電子マネーとは，電子的なデータのやりとりにより，現金の代わりに決済できるサービスをさす場合が多い．,電子マネーとはどのようなものですか?,1
description,電子マネーとは電子的なやり取りにより、現金の代わりに決済ができるサービスのことを指す,電子マネーとは，電子的なデータのやりとりにより，現金の代わりに決済できるサービスをさす場合が多い．,電子マネーとはどのようなものですか,1
description,電子マネーとは電子的なやり取りにより、現金の代わりに決済ができるサービスのことを指す,電子マネーとは，電子的なデータのやりとりにより，現金の代わりに決済できるサービスをさす場合が多い．,電子マネーとは何か,1
description,電子マネーとは電子的なやり取りにより、現金の代わりに決済ができるサービスのことを指す,電子マネーとは，電子的なデータのやりとりにより，現金の代わりに決済できるサービスをさす場合が多い．,電子マネーとは何ですか?,1
description,電子マネーとは電子的なやり取りにより、現金の代わりに決済ができるサービスのことを指す,電子マネーとは，電子的なデータのやりとりにより，現金の代わりに決済できるサービスをさす場合が多い．,電子マネーとは何のことですか?,1
description,電子マネーとは電子的なやり取りにより、現金の代わりに決済ができるサービスのことを指す,電子マネーとは，電子的なデータのやりとりにより，現金の代わりに決済できるサービスをさす場合が多い．,電子マネーとは何ですか,1
description,電子マネーとは電子的なやり取りにより、現金の代わりに決済ができるサービスのことを指す,電子マネーとは，電子的なデータのやりとりにより，現金の代わりに決済できるサービスをさす場合が多い．,電子マネーとは何のことですか,1
description,電子マネーとは電子的なやり取りにより、現金の代わりに決済ができるサービスのことを指す,電子マネーとは，電子的なデータのやりとりにより，現金の代わりに決済できるサービスをさす場合が多い．,電子マネーとはどういうことですか?,0
description,"店舗が用意したQRコードを読み込む、もしくはスマートフォンでQRコードを表示して店員が読み取るQRコード決済が利用されて いる ",中国や韓国ではキャッシュレス化が進んでおり，そこではQRコード決済も利用されている．決済方法は，(1)店舗が用意したQRコードを客が読み取る方法(2)客のスマートフォンでQRコードを表示し，店員がそのQRコードを読み取る方法の2種類がある．,中国や韓国ではどのような決済方法が利用されていますか?,1
description,"店舗が用意したQRコードを読み込む、もしくはスマートフォンでQRコードを表示して店員が読み取るQRコード決済が利用されて いる ",中国や韓国ではキャッシュレス化が進んでおり，そこではQRコード決済も利用されている．決済方法は，(1)店舗が用意したQRコードを客が読み取る方法(2)客のスマートフォンでQRコードを表示し，店員がそのQRコードを読み取る方法の2種類がある．,中国や韓国ではどのような決済方法が利用されているか,1
description,"店舗が用意したQRコードを読み込む、もしくはスマートフォンでQRコードを表示して店員が読み取るQRコード決済が利用されて いる ",中国や韓国ではキャッシュレス化が進んでおり，そこではQRコード決済も利用されている．決済方法は，(1)店舗が用意したQRコードを客が読み取る方法(2)客のスマートフォンでQRコードを表示し，店員がそのQRコードを読み取る方法の2種類がある．,中国や韓国ではどのような決済方法が利用されていますか,1
description,"店舗が用意したQRコードを読み込む、もしくはスマートフォンでQRコードを表示して店員が読み取るQRコード決済が利用されて いる ",中国や韓国ではキャッシュレス化が進んでおり，そこではQRコード決済も利用されている．決済方法は，(1)店舗が用意したQRコードを客が読み取る方法(2)客のスマートフォンでQRコードを表示し，店員がそのQRコードを読み取る方法の2種類がある．,中国や韓国では何が利用されていますか?,0
description,"店舗が用意したQRコードを読み込む、もしくはスマートフォンでQRコードを表示して店員が読み取るQRコード決済が利用されて いる ",中国や韓国ではキャッシュレス化が進んでおり，そこではQRコード決済も利用されている．決済方法は，(1)店舗が用意したQRコードを客が読み取る方法(2)客のスマートフォンでQRコードを表示し，店員がそのQRコードを読み取る方法の2種類がある．,中国や韓国ではどのような決済方法が利用されているか?,1
description,"店舗が用意したQRコードを読み込む、もしくはスマートフォンでQRコードを表示して店員が読み取るQRコード決済が利用されて いる ",中国や韓国ではキャッシュレス化が進んでおり，そこではQRコード決済も利用されている．決済方法は，(1)店舗が用意したQRコードを客が読み取る方法(2)客のスマートフォンでQRコードを表示し，店員がそのQRコードを読み取る方法の2種類がある．,中国と韓国ではどのような決済方法が利用されていますか?,1
description,"店舗が用意したQRコードを読み込む、もしくはスマートフォンでQRコードを表示して店員が読み取るQRコード決済が利用されて いる ",中国や韓国ではキャッシュレス化が進んでおり，そこではQRコード決済も利用されている．決済方法は，(1)店舗が用意したQRコードを客が読み取る方法(2)客のスマートフォンでQRコードを表示し，店員がそのQRコードを読み取る方法の2種類がある．,中国と韓国ではどのような決済方法が利用されていますか,1
description,"店舗が用意したQRコードを読み込む、もしくはスマートフォンでQRコードを表示して店員が読み取るQRコード決済が利用されて いる ",中国や韓国ではキャッシュレス化が進んでおり，そこではQRコード決済も利用されている．決済方法は，(1)店舗が用意したQRコードを客が読み取る方法(2)客のスマートフォンでQRコードを表示し，店員がそのQRコードを読み取る方法の2種類がある．,中国や韓国では何が利用されていますか,0
description,"店舗が用意したQRコードを読み込む、もしくはスマートフォンでQRコードを表示して店員が読み取るQRコード決済が利用されて いる ",中国や韓国ではキャッシュレス化が進んでおり，そこではQRコード決済も利用されている．決済方法は，(1)店舗が用意したQRコードを客が読み取る方法(2)客のスマートフォンでQRコードを表示し，店員がそのQRコードを読み取る方法の2種類がある．,中国と韓国ではどのような決済方法が利用されているか,1
description,"店舗が用意したQRコードを読み込む、もしくはスマートフォンでQRコードを表示して店員が読み取るQRコード決済が利用されて いる ",中国や韓国ではキャッシュレス化が進んでおり，そこではQRコード決済も利用されている．決済方法は，(1)店舗が用意したQRコードを客が読み取る方法(2)客のスマートフォンでQRコードを表示し，店員がそのQRコードを読み取る方法の2種類がある．,中国と韓国では何が利用されていますか?,0
description,"完全セルフレジは複数のレジを1人のスタッフで対応できるメリットがあるが、利用者にとっては慣れないと操作が難しく、購入を 諦めてしまうデメリットがある ",完全セルフレジの場合には複数のレジを一人のスタッフで対応できるメリットがある反面，利用者にとっては慣れないと難しく購入をあきらめてしまう可能性もある．,完全セルフレジのメリットとデメリットは何ですか,1
description,"完全セルフレジは複数のレジを1人のスタッフで対応できるメリットがあるが、利用者にとっては慣れないと操作が難しく、購入を 諦めてしまうデメリットがある ",完全セルフレジの場合には複数のレジを一人のスタッフで対応できるメリットがある反面，利用者にとっては慣れないと難しく購入をあきらめてしまう可能性もある．,完全セルフレジのメリットとデメリットは何ですか?,1
description,"完全セルフレジは複数のレジを1人のスタッフで対応できるメリットがあるが、利用者にとっては慣れないと操作が難しく、購入を 諦めてしまうデメリットがある ",完全セルフレジの場合には複数のレジを一人のスタッフで対応できるメリットがある反面，利用者にとっては慣れないと難しく購入をあきらめてしまう可能性もある．,完全セルフレジとデメリットは何ですか?,0
description,"完全セルフレジは複数のレジを1人のスタッフで対応できるメリットがあるが、利用者にとっては慣れないと操作が難しく、購入を 諦めてしまうデメリットがある ",完全セルフレジの場合には複数のレジを一人のスタッフで対応できるメリットがある反面，利用者にとっては慣れないと難しく購入をあきらめてしまう可能性もある．,完全セルフレジとデメリットは何ですか,0
description,"完全セルフレジは複数のレジを1人のスタッフで対応できるメリットがあるが、利用者にとっては慣れないと操作が難しく、購入を 諦めてしまうデメリットがある ",完全セルフレジの場合には複数のレジを一人のスタッフで対応できるメリットがある反面，利用者にとっては慣れないと難しく購入をあきらめてしまう可能性もある．,完全セルフレジのデメリットは何ですか,0
description,"完全セルフレジは複数のレジを1人のスタッフで対応できるメリットがあるが、利用者にとっては慣れないと操作が難しく、購入を 諦めてしまうデメリットがある ",完全セルフレジの場合には複数のレジを一人のスタッフで対応できるメリットがある反面，利用者にとっては慣れないと難しく購入をあきらめてしまう可能性もある．,完全セルフレジのデメリットは何ですか?,0
description,"完全セルフレジは複数のレジを1人のスタッフで対応できるメリットがあるが、利用者にとっては慣れないと操作が難しく、購入を 諦めてしまうデメリットがある ",完全セルフレジの場合には複数のレジを一人のスタッフで対応できるメリットがある反面，利用者にとっては慣れないと難しく購入をあきらめてしまう可能性もある．,完全セルフレジのメリットとデメリットは何か,1
description,"完全セルフレジは複数のレジを1人のスタッフで対応できるメリットがあるが、利用者にとっては慣れないと操作が難しく、購入を 諦めてしまうデメリットがある ",完全セルフレジの場合には複数のレジを一人のスタッフで対応できるメリットがある反面，利用者にとっては慣れないと難しく購入をあきらめてしまう可能性もある．,完全セルフレジとデメリットの違いは何ですか?,0
description,"完全セルフレジは複数のレジを1人のスタッフで対応できるメリットがあるが、利用者にとっては慣れないと操作が難しく、購入を 諦めてしまうデメリットがある ",完全セルフレジの場合には複数のレジを一人のスタッフで対応できるメリットがある反面，利用者にとっては慣れないと難しく購入をあきらめてしまう可能性もある．,完全セルフレジとデメリットの違いは何ですか,0
description,"完全セルフレジは複数のレジを1人のスタッフで対応できるメリットがあるが、利用者にとっては慣れないと操作が難しく、購入を 諦めてしまうデメリットがある ",完全セルフレジの場合には複数のレジを一人のスタッフで対応できるメリットがある反面，利用者にとっては慣れないと難しく購入をあきらめてしまう可能性もある．,完全セルフレジの主なデメリットは何ですか?,0
description,多くのデータを読み込ませることで機械が自動的に学んでいくことが可能という特徴を持つ,人間の神経細胞を模した多層ニューラルネットワークというモデルを用いてコンピュータに学習させる手法を，ディープラーニング(深層学習)と呼ぶ．従来の機械学習とは異なり，AIに多くのデータを読み込ませることで機械が自動的に学んでいくことが可能であるという点に特徴がある．,ディープラーニングの特徴は何ですか?,1
description,多くのデータを読み込ませることで機械が自動的に学んでいくことが可能という特徴を持つ,人間の神経細胞を模した多層ニューラルネットワークというモデルを用いてコンピュータに学習させる手法を，ディープラーニング(深層学習)と呼ぶ．従来の機械学習とは異なり，AIに多くのデータを読み込ませることで機械が自動的に学んでいくことが可能であるという点に特徴がある．,人間の神経細胞を模した多層ニューラルネットワークというモデルを用いてコンピュータに学習させる手法をディープラーニングと呼ぶ.,0
description,多くのデータを読み込ませることで機械が自動的に学んでいくことが可能という特徴を持つ,人間の神経細胞を模した多層ニューラルネットワークというモデルを用いてコンピュータに学習させる手法を，ディープラーニング(深層学習)と呼ぶ．従来の機械学習とは異なり，AIに多くのデータを読み込ませることで機械が自動的に学んでいくことが可能であるという点に特徴がある．,"人間の神経細胞を模した多層ニューラルネットワークというモデルを用いてコンピュータに学習させる手法は,従来の機械学習とは異なる.",0
description,多くのデータを読み込ませることで機械が自動的に学んでいくことが可能という特徴を持つ,人間の神経細胞を模した多層ニューラルネットワークというモデルを用いてコンピュータに学習させる手法を，ディープラーニング(深層学習)と呼ぶ．従来の機械学習とは異なり，AIに多くのデータを読み込ませることで機械が自動的に学んでいくことが可能であるという点に特徴がある．,人間の神経細胞を模した多層ニューラルネットワークというモデルを用いてコンピュータに学習させる方法をディープラーニングと呼ぶ.,0
description,多くのデータを読み込ませることで機械が自動的に学んでいくことが可能という特徴を持つ,人間の神経細胞を模した多層ニューラルネットワークというモデルを用いてコンピュータに学習させる手法を，ディープラーニング(深層学習)と呼ぶ．従来の機械学習とは異なり，AIに多くのデータを読み込ませることで機械が自動的に学んでいくことが可能であるという点に特徴がある．,"人間の神経細胞を模した多層ニューラルネットワークというモデルを用いてコンピュータに学習させる手法は,従来の機械学習と大きく異なる.",0
description,多くのデータを読み込ませることで機械が自動的に学んでいくことが可能という特徴を持つ,人間の神経細胞を模した多層ニューラルネットワークというモデルを用いてコンピュータに学習させる手法を，ディープラーニング(深層学習)と呼ぶ．従来の機械学習とは異なり，AIに多くのデータを読み込ませることで機械が自動的に学んでいくことが可能であるという点に特徴がある．,"人間の神経細胞を模した多層ニューラルネットワークというモデルを用いてコンピュータに学習させる手法を,ディープラーニングと呼ぶ.",0
description,多くのデータを読み込ませることで機械が自動的に学んでいくことが可能という特徴を持つ,人間の神経細胞を模した多層ニューラルネットワークというモデルを用いてコンピュータに学習させる手法を，ディープラーニング(深層学習)と呼ぶ．従来の機械学習とは異なり，AIに多くのデータを読み込ませることで機械が自動的に学んでいくことが可能であるという点に特徴がある．,人間の神経細胞を模した多層ニューラルネットワークというモデルを用いたコンピュータに学習させる手法をディープラーニングと呼ぶ.,0
description,多くのデータを読み込ませることで機械が自動的に学んでいくことが可能という特徴を持つ,人間の神経細胞を模した多層ニューラルネットワークというモデルを用いてコンピュータに学習させる手法を，ディープラーニング(深層学習)と呼ぶ．従来の機械学習とは異なり，AIに多くのデータを読み込ませることで機械が自動的に学んでいくことが可能であるという点に特徴がある．,"人間の神経細胞を模した多層ニューラルネットワークというモデルを用いてコンピュータに学習させる手法は,従来の機械学習と異なる点がある",0
description,多くのデータを読み込ませることで機械が自動的に学んでいくことが可能という特徴を持つ,人間の神経細胞を模した多層ニューラルネットワークというモデルを用いてコンピュータに学習させる手法を，ディープラーニング(深層学習)と呼ぶ．従来の機械学習とは異なり，AIに多くのデータを読み込ませることで機械が自動的に学んでいくことが可能であるという点に特徴がある．,"人間の神経細胞を模した多層ニューラルネットワークというモデルを用いてコンピュータに学習させる手法は,従来の機械学習と大きく異なる",0
description,多くのデータを読み込ませることで機械が自動的に学んでいくことが可能という特徴を持つ,人間の神経細胞を模した多層ニューラルネットワークというモデルを用いてコンピュータに学習させる手法を，ディープラーニング(深層学習)と呼ぶ．従来の機械学習とは異なり，AIに多くのデータを読み込ませることで機械が自動的に学んでいくことが可能であるという点に特徴がある．,"人間の神経細胞を模した多層ニューラルネットワークというモデルを用いてコンピュータに学習させる手法は,従来の機械学習とは異なる",0
description,"バリアフリーは障がい者や高齢者、妊婦にとって障壁となるものを取り除くという考えで、ユニバーサルデザインは障がい者、高齢者問わず、全ての人が生活しやすい環境を実現する考えである ",障がい者，高齢者，妊婦などにとって障壁(バリア)となっているものを取り除こうという考えからスタートしたのがバリアフリーである．一方で，ユニバーサルデザインはまた別の概念であり，障がいの有無，年齢，性別，人種等にかかわらず，すべての人にとって生活しやすい環境を実現するための工夫をさす．,"ユニバーサルデザインはどのような考えですか?バリアフリーは障がい者、高齢者問わず,すべての人が生活しやすい環境を実現するための工夫をさす.",0
description,"バリアフリーは障がい者や高齢者、妊婦にとって障壁となるものを取り除くという考えで、ユニバーサルデザインは障がい者、高齢者問わず、全ての人が生活しやすい環境を実現する考えである ",障がい者，高齢者，妊婦などにとって障壁(バリア)となっているものを取り除こうという考えからスタートしたのがバリアフリーである．一方で，ユニバーサルデザインはまた別の概念であり，障がいの有無，年齢，性別，人種等にかかわらず，すべての人にとって生活しやすい環境を実現するための工夫をさす．,"ユニバーサルデザインとはどのような考えですか?バリアフリーは障がい者、高齢者問わず,すべての人が生活しやすい環境を実現するための工夫をさす.",0
description,"バリアフリーは障がい者や高齢者、妊婦にとって障壁となるものを取り除くという考えで、ユニバーサルデザインは障がい者、高齢者問わず、全ての人が生活しやすい環境を実現する考えである ",障がい者，高齢者，妊婦などにとって障壁(バリア)となっているものを取り除こうという考えからスタートしたのがバリアフリーである．一方で，ユニバーサルデザインはまた別の概念であり，障がいの有無，年齢，性別，人種等にかかわらず，すべての人にとって生活しやすい環境を実現するための工夫をさす．,"ユニバーサルデザインとはどういう意味ですか?バリアフリーは障がい者、高齢者問わず,すべての人が生活しやすい環境を実現するための工夫をさす.",0
description,"バリアフリーは障がい者や高齢者、妊婦にとって障壁となるものを取り除くという考えで、ユニバーサルデザインは障がい者、高齢者問わず、全ての人が生活しやすい環境を実現する考えである ",障がい者，高齢者，妊婦などにとって障壁(バリア)となっているものを取り除こうという考えからスタートしたのがバリアフリーである．一方で，ユニバーサルデザインはまた別の概念であり，障がいの有無，年齢，性別，人種等にかかわらず，すべての人にとって生活しやすい環境を実現するための工夫をさす．,"ユニバーサルデザインはどのような考えですか?バリアフリーとは障がい者、高齢者問わず,すべての人が生活しやすい環境を実現するための工夫をさす.",0
description,"バリアフリーは障がい者や高齢者、妊婦にとって障壁となるものを取り除くという考えで、ユニバーサルデザインは障がい者、高齢者問わず、全ての人が生活しやすい環境を実現する考えである ",障がい者，高齢者，妊婦などにとって障壁(バリア)となっているものを取り除こうという考えからスタートしたのがバリアフリーである．一方で，ユニバーサルデザインはまた別の概念であり，障がいの有無，年齢，性別，人種等にかかわらず，すべての人にとって生活しやすい環境を実現するための工夫をさす．,バリアフリーとはどういう意味ですか?,0
description,"バリアフリーは障がい者や高齢者、妊婦にとって障壁となるものを取り除くという考えで、ユニバーサルデザインは障がい者、高齢者問わず、全ての人が生活しやすい環境を実現する考えである ",障がい者，高齢者，妊婦などにとって障壁(バリア)となっているものを取り除こうという考えからスタートしたのがバリアフリーである．一方で，ユニバーサルデザインはまた別の概念であり，障がいの有無，年齢，性別，人種等にかかわらず，すべての人にとって生活しやすい環境を実現するための工夫をさす．,"ユニバーサルデザインはどのような考えですか?障がい者、高齢者問わず,すべての人が生活しやすい環境を実現するための工夫をさす.",0
description,"バリアフリーは障がい者や高齢者、妊婦にとって障壁となるものを取り除くという考えで、ユニバーサルデザインは障がい者、高齢者問わず、全ての人が生活しやすい環境を実現する考えである ",障がい者，高齢者，妊婦などにとって障壁(バリア)となっているものを取り除こうという考えからスタートしたのがバリアフリーである．一方で，ユニバーサルデザインはまた別の概念であり，障がいの有無，年齢，性別，人種等にかかわらず，すべての人にとって生活しやすい環境を実現するための工夫をさす．,"ユニバーサルデザインはどのような考えですか?障がい者,高齢者、妊婦などにとって障壁となっているものを取り除こうという考えからスタートしたのがバリアフリーである。",0
description,"バリアフリーは障がい者や高齢者、妊婦にとって障壁となるものを取り除くという考えで、ユニバーサルデザインは障がい者、高齢者問わず、全ての人が生活しやすい環境を実現する考えである ",障がい者，高齢者，妊婦などにとって障壁(バリア)となっているものを取り除こうという考えからスタートしたのがバリアフリーである．一方で，ユニバーサルデザインはまた別の概念であり，障がいの有無，年齢，性別，人種等にかかわらず，すべての人にとって生活しやすい環境を実現するための工夫をさす．,"ユニバーサルデザインはどのような考えですか?障がい者,高齢者、妊婦などにとって障壁となっているものを取り除こうという考えからスタートしたのがバリアフリーである.",0
description,"バリアフリーは障がい者や高齢者、妊婦にとって障壁となるものを取り除くという考えで、ユニバーサルデザインは障がい者、高齢者問わず、全ての人が生活しやすい環境を実現する考えである ",障がい者，高齢者，妊婦などにとって障壁(バリア)となっているものを取り除こうという考えからスタートしたのがバリアフリーである．一方で，ユニバーサルデザインはまた別の概念であり，障がいの有無，年齢，性別，人種等にかかわらず，すべての人にとって生活しやすい環境を実現するための工夫をさす．,"ユニバーサルデザインとはどういう意味ですか?バリアフリーは障がい者、高齢者問わず,すべての人が生活しやすい環境を実現する考えである.",0
description,"バリアフリーは障がい者や高齢者、妊婦にとって障壁となるものを取り除くという考えで、ユニバーサルデザインは障がい者、高齢者問わず、全ての人が生活しやすい環境を実現する考えである ",障がい者，高齢者，妊婦などにとって障壁(バリア)となっているものを取り除こうという考えからスタートしたのがバリアフリーである．一方で，ユニバーサルデザインはまた別の概念であり，障がいの有無，年齢，性別，人種等にかかわらず，すべての人にとって生活しやすい環境を実現するための工夫をさす．,"ユニバーサルデザインはどのような考えですか?障がい者,高齢者、妊婦などにとって障壁となっているものを取り除こうという考えからスタートしたのはバリアフリーである.",0
tf,正しくない,プリペイドカードでは磁気データを書き換えることで利用確認を行っている。一方で、ICカード方式電子マネーでは内臓ICと電波でやり取りを行うことで利用確認を行っている。,次の文章は正しいか答えなさい。icカード方式電子マネーでは内臓icと電波でやり取りすることで利用確認を行っている。,0
tf,正しくない,プリペイドカードでは磁気データを書き換えることで利用確認を行っている。一方で、ICカード方式電子マネーでは内臓ICと電波でやり取りを行うことで利用確認を行っている。,次の文章は正しいか答えなさい。icカード方式の電子マネーでは内臓icと電波でやり取りすることで利用確認を行っている。,0
tf,正しくない,プリペイドカードでは磁気データを書き換えることで利用確認を行っている。一方で、ICカード方式電子マネーでは内臓ICと電波でやり取りを行うことで利用確認を行っている。,次の文章は正しいか答えなさい。プリペイドカードでは磁気データを書き換えることで利用確認を行っている。,0
tf,正しくない,プリペイドカードでは磁気データを書き換えることで利用確認を行っている。一方で、ICカード方式電子マネーでは内臓ICと電波でやり取りを行うことで利用確認を行っている。,次の文章は正しいか答えなさい。icカード方式電子マネーでは内臓icと電波でやり取りを行うことで利用確認を行っている。,0
tf,正しくない,プリペイドカードでは磁気データを書き換えることで利用確認を行っている。一方で、ICカード方式電子マネーでは内臓ICと電波でやり取りを行うことで利用確認を行っている。,次の文章は正しいか答えなさい。icカード方式の電子マネーでは内臓icと電波でやり取りを行うことで利用確認を行っている。,0
tf,正しくない,プリペイドカードでは磁気データを書き換えることで利用確認を行っている。一方で、ICカード方式電子マネーでは内臓ICと電波でやり取りを行うことで利用確認を行っている。,次の文章は正しいか答えなさい。プリペイドカードやicカード方式の電子マネーでは磁気データを書き換えることで利用確認を行っている。,0
tf,正しくない,プリペイドカードでは磁気データを書き換えることで利用確認を行っている。一方で、ICカード方式電子マネーでは内臓ICと電波でやり取りを行うことで利用確認を行っている。,次の文章は正しいか答えなさい。プリペイドカード方式では磁気データを書き換えることで利用確認を行っている。,0
tf,正しくない,プリペイドカードでは磁気データを書き換えることで利用確認を行っている。一方で、ICカード方式電子マネーでは内臓ICと電波でやり取りを行うことで利用確認を行っている。,次の文章は正しいか答えなさい。プリペイドカード方式電子マネーでは磁気データを書き換えることで利用確認を行っている。,0
tf,正しくない,プリペイドカードでは磁気データを書き換えることで利用確認を行っている。一方で、ICカード方式電子マネーでは内臓ICと電波でやり取りを行うことで利用確認を行っている。,次の文章は正しいか答えなさい。icカード方式電子マネーでは磁気データを書き換えることで利用確認を行っている。,1
tf,正しくない,プリペイドカードでは磁気データを書き換えることで利用確認を行っている。一方で、ICカード方式電子マネーでは内臓ICと電波でやり取りを行うことで利用確認を行っている。,次の文章は正しいか答えなさい。icカード方式の電子マネーでは磁気データを書き換えることで利用確認を行っている。,1
tf,正しくない,クレジットカードでは使用者は利用後に支払いを行う。,次の文章は正しいか答えなさい。クレジットカードでは使用者は利用前に支払いを行う。,1
tf,正しくない,クレジットカードでは使用者は利用後に支払いを行う。,次の文章は正しいか答えなさい。クレジットカードでは使用者は利用後に支払いを行う。,0
tf,正しくない,クレジットカードでは使用者は利用後に支払いを行う。,次の文章は正しいか答えなさい。クレジットカードでは使用者は利用後支払いを行う。,0
tf,正しくない,クレジットカードでは使用者は利用後に支払いを行う。,次の文章は正しいか答えよ。クレジットカードでは使用者は利用前に支払いを行う。,1
tf,正しくない,クレジットカードでは使用者は利用後に支払いを行う。,次の文章は正しいですか?クレジットカードでは使用者は利用前に支払いを行う。,1
tf,正しくない,クレジットカードでは使用者は利用後に支払いを行う。,次の文章は正しいか答えなさい。クレジットカードでは使用者は利用前の支払いを行う。,0
tf,正しくない,クレジットカードでは使用者は利用後に支払いを行う。,次の文章は正しいか答えなさい。クレジットカードでは使用者は利用後の支払いを行う。,0
tf,正しくない,クレジットカードでは使用者は利用後に支払いを行う。,次の文章は正しいか答えなさい。クレジットカードでは使用者が利用前に支払いを行う。,1
tf,正しくない,クレジットカードでは使用者は利用後に支払いを行う。,次の文章は正しいですか?クレジットカードでは使用者は利用後に支払いを行う。,0
tf,正しくない,クレジットカードでは使用者は利用後に支払いを行う。,次の文章は正しいか答えなさい。クレジットカードでは使用者は利用前に支払を行う。,1
tf,正しい,収集した膨大なデータを利用して、データ相互の関係や有用な知見を見出すことなどをデータマイニングと呼ぶ。,次の文章は正しいか答えなさい。データマイニングとは収集した膨大なデータを利用して、データ相互の関係や有用な知見を見出すことである。,1
tf,正しい,収集した膨大なデータを利用して、データ相互の関係や有用な知見を見出すことなどをデータマイニングと呼ぶ。,次の文章は正しいか答えなさい。収集した膨大なデータを利用して、データ相互の関係や有用な知見を見出すことをデータマイニングと呼ぶ。,1
tf,正しい,収集した膨大なデータを利用して、データ相互の関係や有用な知見を見出すことなどをデータマイニングと呼ぶ。,次の文章は正しいか答えなさい。収集した膨大なデータを利用して、データ相互の関係や有用な知見を見出すことなどをデータマイニングと呼ぶ。,1
tf,正しい,収集した膨大なデータを利用して、データ相互の関係や有用な知見を見出すことなどをデータマイニングと呼ぶ。,次の文章は正しいか答えなさい。データマイニングとは収集した膨大なデータを利用して、データ相互の関係や有用な知見を見出すことを指す。,1
tf,正しい,収集した膨大なデータを利用して、データ相互の関係や有用な知見を見出すことなどをデータマイニングと呼ぶ。,次の文章は正しいか答えなさい。収集した膨大なデータを利用して、データ相互の関係や有用な知見を見出すことである。,1
tf,正しい,収集した膨大なデータを利用して、データ相互の関係や有用な知見を見出すことなどをデータマイニングと呼ぶ。,次の文章は正しいか答えなさい。収集した膨大なデータを利用して、データ相互の関係や有用な知見を見出すことをデータマイニングという。,1
tf,正しい,収集した膨大なデータを利用して、データ相互の関係や有用な知見を見出すことなどをデータマイニングと呼ぶ。,次の文章は正しいか答えなさい。収集した膨大なデータを利用して、データ相互の関係や有用な知見を見出すことなどをデータマイニングという。,1
tf,正しい,収集した膨大なデータを利用して、データ相互の関係や有用な知見を見出すことなどをデータマイニングと呼ぶ。,次の文章は正しいか答えなさい。収集した膨大なデータを利用して、データ相互の関係や有用な知見を見出すことをデータマイニングといいます。,1
tf,正しい,収集した膨大なデータを利用して、データ相互の関係や有用な知見を見出すことなどをデータマイニングと呼ぶ。,次の文章は正しいか答えなさい。収集した膨大なデータを利用して、データ相互の関係や有用な知見を見出すことなどをデータマイニングと呼び、収集した膨大なデータを利用して、データ相互の関係や有用な知見を見出すことをデータマイニングと呼ぶ。,0
tf,正しい,収集した膨大なデータを利用して、データ相互の関係や有用な知見を見出すことなどをデータマイニングと呼ぶ。,次の文章は正しいか答えなさい。収集した膨大なデータを利用して、データ相互の関係や有用な知見を見出すことなどをデータマイニングといいます。,1